source_path,relative_path,file_name,extension,dataset_group,class_label,specimen,sample_id,marker,dilution,magnification,image_index,replicate_or_position,parse_confidence,parsed_pattern,recommended_split_group,recommended_train_path,size_mb,modified_time,notes
E:\data\CRF\CRF\类器官1 ZX Cell 1-1.png,CRF\CRF\类器官1 ZX Cell 1-1.png,类器官1 ZX Cell 1-1.png,.png,CRF,CRF__organoid_or_cell,类器官1 ZX Cell,1-1,,,,,1-1,medium,CRF_organoid_cell,类器官1 ZX Cell,dataset_by_class\CRF__organoid_or_cell\类器官1 ZX Cell 1-1.png,21.53,2026-07-23T02:44:18.000Z,
E:\data\CRF\CRF\类器官1 ZX Cell 1-1(20).png,CRF\CRF\类器官1 ZX Cell 1-1(20).png,类器官1 ZX Cell 1-1(20).png,.png,CRF,CRF__organoid_or_cell,类器官1 ZX Cell,1-1,,,20x,,1-1,medium,CRF_organoid_cell,类器官1 ZX Cell,dataset_by_class\CRF__organoid_or_cell\类器官1 ZX Cell 1-1(20).png,19.72,2026-07-23T07:42:30.000Z,
E:\data\CRF\CRF\类器官1 ZX Cell 1-1(50).png,CRF\CRF\类器官1 ZX Cell 1-1(50).png,类器官1 ZX Cell 1-1(50).png,.png,CRF,CRF__organoid_or_cell,类器官1 ZX Cell,1-1,,,50x,,1-1,medium,CRF_organoid_cell,类器官1 ZX Cell,dataset_by_class\CRF__organoid_or_cell\类器官1 ZX Cell 1-1(50).png,16.6,2026-07-23T07:43:34.000Z,
E:\data\CRF\CRF\类器官1 ZX Cell 1-2.png,CRF\CRF\类器官1 ZX Cell 1-2.png,类器官1 ZX Cell 1-2.png,.png,CRF,CRF__organoid_or_cell,类器官1 ZX Cell,1-2,,,,,1-2,medium,CRF_organoid_cell,类器官1 ZX Cell,dataset_by_class\CRF__organoid_or_cell\类器官1 ZX Cell 1-2.png,21.72,2026-07-23T02:49:12.000Z,
E:\data\CRF\CRF\类器官1 ZX Cell 1-2(20).png,CRF\CRF\类器官1 ZX Cell 1-2(20).png,类器官1 ZX Cell 1-2(20).png,.png,CRF,CRF__organoid_or_cell,类器官1 ZX Cell,1-2,,,20x,,1-2,medium,CRF_organoid_cell,类器官1 ZX Cell,dataset_by_class\CRF__organoid_or_cell\类器官1 ZX Cell 1-2(20).png,19.05,2026-07-23T07:42:58.000Z,
E:\data\CRF\CRF\类器官1 ZX Cell 1-2(50).png,CRF\CRF\类器官1 ZX Cell 1-2(50).png,类器官1 ZX Cell 1-2(50).png,.png,CRF,CRF__organoid_or_cell,类器官1 ZX Cell,1-2,,,50x,,1-2,medium,CRF_organoid_cell,类器官1 ZX Cell,dataset_by_class\CRF__organoid_or_cell\类器官1 ZX Cell 1-2(50).png,16.99,2026-07-23T07:44:18.000Z,
E:\data\CRF\CRF\类器官1 ZX Cell 1-3.png,CRF\CRF\类器官1 ZX Cell 1-3.png,类器官1 ZX Cell 1-3.png,.png,CRF,CRF__organoid_or_cell,类器官1 ZX Cell,1-3,,,,,1-3,medium,CRF_organoid_cell,类器官1 ZX Cell,dataset_by_class\CRF__organoid_or_cell\类器官1 ZX Cell 1-3.png,22.07,2026-07-23T02:50:06.000Z,
E:\data\CRF\CRF\类器官1 ZX Cell 1-4.png,CRF\CRF\类器官1 ZX Cell 1-4.png,类器官1 ZX Cell 1-4.png,.png,CRF,CRF__organoid_or_cell,类器官1 ZX Cell,1-4,,,,,1-4,medium,CRF_organoid_cell,类器官1 ZX Cell,dataset_by_class\CRF__organoid_or_cell\类器官1 ZX Cell 1-4.png,22.18,2026-07-23T03:11:02.000Z,
E:\data\CRF\CRF\类器官1 ZX Cell 1-5.png,CRF\CRF\类器官1 ZX Cell 1-5.png,类器官1 ZX Cell 1-5.png,.png,CRF,CRF__organoid_or_cell,类器官1 ZX Cell,1-5,,,,,1-5,medium,CRF_organoid_cell,类器官1 ZX Cell,dataset_by_class\CRF__organoid_or_cell\类器官1 ZX Cell 1-5.png,21.41,2026-07-23T03:12:34.000Z,
E:\data\CRF\CRF\类器官1 ZX Cell 1-6.png,CRF\CRF\类器官1 ZX Cell 1-6.png,类器官1 ZX Cell 1-6.png,.png,CRF,CRF__organoid_or_cell,类器官1 ZX Cell,1-6,,,,,1-6,medium,CRF_organoid_cell,类器官1 ZX Cell,dataset_by_class\CRF__organoid_or_cell\类器官1 ZX Cell 1-6.png,21.47,2026-07-23T03:13:14.000Z,
E:\data\CRF\CRF\类器官1 ZX Cell 1-7.png,CRF\CRF\类器官1 ZX Cell 1-7.png,类器官1 ZX Cell 1-7.png,.png,CRF,CRF__organoid_or_cell,类器官1 ZX Cell,1-7,,,,,1-7,medium,CRF_organoid_cell,类器官1 ZX Cell,dataset_by_class\CRF__organoid_or_cell\类器官1 ZX Cell 1-7.png,21.57,2026-07-23T03:14:06.000Z,
E:\data\CRF\CRF\类器官1 ZX Cell 1-8.png,CRF\CRF\类器官1 ZX Cell 1-8.png,类器官1 ZX Cell 1-8.png,.png,CRF,CRF__organoid_or_cell,类器官1 ZX Cell,1-8,,,,,1-8,medium,CRF_organoid_cell,类器官1 ZX Cell,dataset_by_class\CRF__organoid_or_cell\类器官1 ZX Cell 1-8.png,21.13,2026-07-23T03:14:40.000Z,
E:\data\CRF\CRF\类器官1 ZX Cell 2-1.png,CRF\CRF\类器官1 ZX Cell 2-1.png,类器官1 ZX Cell 2-1.png,.png,CRF,CRF__organoid_or_cell,类器官1 ZX Cell,2-1,,,,,2-1,medium,CRF_organoid_cell,类器官1 ZX Cell,dataset_by_class\CRF__organoid_or_cell\类器官1 ZX Cell 2-1.png,24.15,2026-07-23T07:27:58.000Z,
E:\data\CRF\CRF\类器官1 ZX Cell 2-1(20).png,CRF\CRF\类器官1 ZX Cell 2-1(20).png,类器官1 ZX Cell 2-1(20).png,.png,CRF,CRF__organoid_or_cell,类器官1 ZX Cell,2-1,,,20x,,2-1,medium,CRF_organoid_cell,类器官1 ZX Cell,dataset_by_class\CRF__organoid_or_cell\类器官1 ZX Cell 2-1(20).png,19.19,2026-07-23T07:30:26.000Z,
E:\data\CRF\CRF\类器官1 ZX Cell 2-1(50).png,CRF\CRF\类器官1 ZX Cell 2-1(50).png,类器官1 ZX Cell 2-1(50).png,.png,CRF,CRF__organoid_or_cell,类器官1 ZX Cell,2-1,,,50x,,2-1,medium,CRF_organoid_cell,类器官1 ZX Cell,dataset_by_class\CRF__organoid_or_cell\类器官1 ZX Cell 2-1(50).png,14.16,2026-07-23T07:31:30.000Z,
E:\data\CRF\CRF\类器官1 ZX Cell 2-2.png,CRF\CRF\类器官1 ZX Cell 2-2.png,类器官1 ZX Cell 2-2.png,.png,CRF,CRF__organoid_or_cell,类器官1 ZX Cell,2-2,,,,,2-2,medium,CRF_organoid_cell,类器官1 ZX Cell,dataset_by_class\CRF__organoid_or_cell\类器官1 ZX Cell 2-2.png,24.07,2026-07-23T07:28:20.000Z,
E:\data\CRF\CRF\类器官1 ZX Cell 2-2(20).png,CRF\CRF\类器官1 ZX Cell 2-2(20).png,类器官1 ZX Cell 2-2(20).png,.png,CRF,CRF__organoid_or_cell,类器官1 ZX Cell,2-2,,,20x,,2-2,medium,CRF_organoid_cell,类器官1 ZX Cell,dataset_by_class\CRF__organoid_or_cell\类器官1 ZX Cell 2-2(20).png,18.4,2026-07-23T07:30:50.000Z,
E:\data\CRF\CRF\类器官1 ZX Cell 2-2(50).png,CRF\CRF\类器官1 ZX Cell 2-2(50).png,类器官1 ZX Cell 2-2(50).png,.png,CRF,CRF__organoid_or_cell,类器官1 ZX Cell,2-2,,,50x,,2-2,medium,CRF_organoid_cell,类器官1 ZX Cell,dataset_by_class\CRF__organoid_or_cell\类器官1 ZX Cell 2-2(50).png,14.79,2026-07-23T07:32:00.000Z,
E:\data\CRF\CRF\类器官1 ZX Cell 2-3.png,CRF\CRF\类器官1 ZX Cell 2-3.png,类器官1 ZX Cell 2-3.png,.png,CRF,CRF__organoid_or_cell,类器官1 ZX Cell,2-3,,,,,2-3,medium,CRF_organoid_cell,类器官1 ZX Cell,dataset_by_class\CRF__organoid_or_cell\类器官1 ZX Cell 2-3.png,26.34,2026-07-23T07:29:06.000Z,
E:\data\CRF\CRF\类器官1 ZX Cell 2-4.png,CRF\CRF\类器官1 ZX Cell 2-4.png,类器官1 ZX Cell 2-4.png,.png,CRF,CRF__organoid_or_cell,类器官1 ZX Cell,2-4,,,,,2-4,medium,CRF_organoid_cell,类器官1 ZX Cell,dataset_by_class\CRF__organoid_or_cell\类器官1 ZX Cell 2-4.png,25.54,2026-07-23T07:29:40.000Z,
E:\data\CRF\CRF\类器官1 ZX Cell 3-1.png,CRF\CRF\类器官1 ZX Cell 3-1.png,类器官1 ZX Cell 3-1.png,.png,CRF,CRF__organoid_or_cell,类器官1 ZX Cell,3-1,,,,,3-1,medium,CRF_organoid_cell,类器官1 ZX Cell,dataset_by_class\CRF__organoid_or_cell\类器官1 ZX Cell 3-1.png,20.41,2026-07-23T07:18:36.000Z,
E:\data\CRF\CRF\类器官1 ZX Cell 3-1(20).png,CRF\CRF\类器官1 ZX Cell 3-1(20).png,类器官1 ZX Cell 3-1(20).png,.png,CRF,CRF__organoid_or_cell,类器官1 ZX Cell,3-1,,,20x,,3-1,medium,CRF_organoid_cell,类器官1 ZX Cell,dataset_by_class\CRF__organoid_or_cell\类器官1 ZX Cell 3-1(20).png,18.92,2026-07-23T07:21:14.000Z,
E:\data\CRF\CRF\类器官1 ZX Cell 3-2(20).png,CRF\CRF\类器官1 ZX Cell 3-2(20).png,类器官1 ZX Cell 3-2(20).png,.png,CRF,CRF__organoid_or_cell,类器官1 ZX Cell,3-2,,,20x,,3-2,medium,CRF_organoid_cell,类器官1 ZX Cell,dataset_by_class\CRF__organoid_or_cell\类器官1 ZX Cell 3-2(20).png,12.44,2026-07-28T08:12:04.000Z,
E:\data\CRF2\CRF2\人扁桃体_14_PD1_1.500（10）_1.png,CRF2\CRF2\人扁桃体_14_PD1_1.500（10）_1.png,人扁桃体_14_PD1_1.500（10）_1.png,.png,CRF2,人扁桃体_14__PD1__1:500__10x,人扁桃体_14,14,PD1,1:500,10x,1,1,high,CRF2_sample_marker_dilution_magnification,人扁桃体_14,dataset_by_class\人扁桃体_14__PD1__1_500__10x\人扁桃体_14_PD1_1.500（10）_1.png,17.1,2026-07-24T03:20:00.000Z,
E:\data\CRF2\CRF2\人扁桃体_14_PD1_1.500（10）_2.png,CRF2\CRF2\人扁桃体_14_PD1_1.500（10）_2.png,人扁桃体_14_PD1_1.500（10）_2.png,.png,CRF2,人扁桃体_14__PD1__1:500__10x,人扁桃体_14,14,PD1,1:500,10x,2,2,high,CRF2_sample_marker_dilution_magnification,人扁桃体_14,dataset_by_class\人扁桃体_14__PD1__1_500__10x\人扁桃体_14_PD1_1.500（10）_2.png,17.34,2026-07-24T03:23:54.000Z,
E:\data\CRF2\CRF2\人扁桃体_14_PD1_1.500（20）_1.png,CRF2\CRF2\人扁桃体_14_PD1_1.500（20）_1.png,人扁桃体_14_PD1_1.500（20）_1.png,.png,CRF2,人扁桃体_14__PD1__1:500__20x,人扁桃体_14,14,PD1,1:500,20x,1,1,high,CRF2_sample_marker_dilution_magnification,人扁桃体_14,dataset_by_class\人扁桃体_14__PD1__1_500__20x\人扁桃体_14_PD1_1.500（20）_1.png,17.8,2026-07-24T03:16:06.000Z,
E:\data\CRF2\CRF2\人扁桃体_14_PD1_1.500（20）_2.png,CRF2\CRF2\人扁桃体_14_PD1_1.500（20）_2.png,人扁桃体_14_PD1_1.500（20）_2.png,.png,CRF2,人扁桃体_14__PD1__1:500__20x,人扁桃体_14,14,PD1,1:500,20x,2,2,high,CRF2_sample_marker_dilution_magnification,人扁桃体_14,dataset_by_class\人扁桃体_14__PD1__1_500__20x\人扁桃体_14_PD1_1.500（20）_2.png,16.63,2026-07-24T03:18:18.000Z,
E:\data\CRF2\CRF2\人扁桃体_3_ki67_1.400(10）_1.png,CRF2\CRF2\人扁桃体_3_ki67_1.400(10）_1.png,人扁桃体_3_ki67_1.400(10）_1.png,.png,CRF2,人扁桃体_3__KI67__1:400__10x,人扁桃体_3,3,KI67,1:400,10x,1,1,high,CRF2_sample_marker_dilution_magnification,人扁桃体_3,dataset_by_class\人扁桃体_3__KI67__1_400__10x\人扁桃体_3_ki67_1.400(10）_1.png,18.32,2026-07-24T03:27:06.000Z,
E:\data\CRF2\CRF2\人扁桃体_3_ki67_1.400(10）_2.png,CRF2\CRF2\人扁桃体_3_ki67_1.400(10）_2.png,人扁桃体_3_ki67_1.400(10）_2.png,.png,CRF2,人扁桃体_3__KI67__1:400__10x,人扁桃体_3,3,KI67,1:400,10x,2,2,high,CRF2_sample_marker_dilution_magnification,人扁桃体_3,dataset_by_class\人扁桃体_3__KI67__1_400__10x\人扁桃体_3_ki67_1.400(10）_2.png,17.96,2026-07-24T03:27:58.000Z,
E:\data\CRF2\CRF2\人扁桃体_3_ki67_1.400(20）_1.png,CRF2\CRF2\人扁桃体_3_ki67_1.400(20）_1.png,人扁桃体_3_ki67_1.400(20）_1.png,.png,CRF2,人扁桃体_3__KI67__1:400__20x,人扁桃体_3,3,KI67,1:400,20x,1,1,high,CRF2_sample_marker_dilution_magnification,人扁桃体_3,dataset_by_class\人扁桃体_3__KI67__1_400__20x\人扁桃体_3_ki67_1.400(20）_1.png,18.36,2026-07-24T03:29:04.000Z,
E:\data\CRF2\CRF2\人扁桃体_3_ki67_1.400(20）_2.png,CRF2\CRF2\人扁桃体_3_ki67_1.400(20）_2.png,人扁桃体_3_ki67_1.400(20）_2.png,.png,CRF2,人扁桃体_3__KI67__1:400__20x,人扁桃体_3,3,KI67,1:400,20x,2,2,high,CRF2_sample_marker_dilution_magnification,人扁桃体_3,dataset_by_class\人扁桃体_3__KI67__1_400__20x\人扁桃体_3_ki67_1.400(20）_2.png,15.69,2026-07-28T08:12:04.000Z,
E:\data\CRF2\CRF2\TA0038190758_ki67_1.1200（10）_1.png,CRF2\CRF2\TA0038190758_ki67_1.1200（10）_1.png,TA0038190758_ki67_1.1200（10）_1.png,.png,CRF2,TA0038190758__KI67__1:1200__10x,TA0038190758,TA0038190758,KI67,1:1200,10x,1,1,high,CRF2_marker_dilution_magnification,TA0038190758,dataset_by_class\TA0038190758__KI67__1_1200__10x\TA0038190758_ki67_1.1200（10）_1.png,15.8,2026-07-24T02:37:06.000Z,
E:\data\CRF2\CRF2\TA0038190758_ki67_1.1200（20）_1.png,CRF2\CRF2\TA0038190758_ki67_1.1200（20）_1.png,TA0038190758_ki67_1.1200（20）_1.png,.png,CRF2,TA0038190758__KI67__1:1200__20x,TA0038190758,TA0038190758,KI67,1:1200,20x,1,1,high,CRF2_marker_dilution_magnification,TA0038190758,dataset_by_class\TA0038190758__KI67__1_1200__20x\TA0038190758_ki67_1.1200（20）_1.png,14.02,2026-07-24T02:26:44.000Z,
E:\data\CRF2\CRF2\TA0038190758_ki67_1.1200（20）_2.png,CRF2\CRF2\TA0038190758_ki67_1.1200（20）_2.png,TA0038190758_ki67_1.1200（20）_2.png,.png,CRF2,TA0038190758__KI67__1:1200__20x,TA0038190758,TA0038190758,KI67,1:1200,20x,2,2,high,CRF2_marker_dilution_magnification,TA0038190758,dataset_by_class\TA0038190758__KI67__1_1200__20x\TA0038190758_ki67_1.1200（20）_2.png,13.91,2026-07-24T02:34:48.000Z,
E:\data\CRF2\CRF2\TA0038190758_ki67_1.1200（20）_3.png,CRF2\CRF2\TA0038190758_ki67_1.1200（20）_3.png,TA0038190758_ki67_1.1200（20）_3.png,.png,CRF2,TA0038190758__KI67__1:1200__20x,TA0038190758,TA0038190758,KI67,1:1200,20x,3,3,high,CRF2_marker_dilution_magnification,TA0038190758,dataset_by_class\TA0038190758__KI67__1_1200__20x\TA0038190758_ki67_1.1200（20）_3.png,14.44,2026-07-24T02:35:44.000Z,
E:\data\CRF2\CRF2\TA0038190758_ki67_1.400（10）_1.png,CRF2\CRF2\TA0038190758_ki67_1.400（10）_1.png,TA0038190758_ki67_1.400（10）_1.png,.png,CRF2,TA0038190758__KI67__1:400__10x,TA0038190758,TA0038190758,KI67,1:400,10x,1,1,high,CRF2_marker_dilution_magnification,TA0038190758,dataset_by_class\TA0038190758__KI67__1_400__10x\TA0038190758_ki67_1.400（10）_1.png,15.22,2026-07-24T02:46:22.000Z,
E:\data\CRF2\CRF2\TA0038190758_ki67_1.400（20）_1.png,CRF2\CRF2\TA0038190758_ki67_1.400（20）_1.png,TA0038190758_ki67_1.400（20）_1.png,.png,CRF2,TA0038190758__KI67__1:400__20x,TA0038190758,TA0038190758,KI67,1:400,20x,1,1,high,CRF2_marker_dilution_magnification,TA0038190758,dataset_by_class\TA0038190758__KI67__1_400__20x\TA0038190758_ki67_1.400（20）_1.png,14.57,2026-07-24T02:40:16.000Z,
E:\data\CRF2\CRF2\TA0038190758_ki67_1.400（20）_2.png,CRF2\CRF2\TA0038190758_ki67_1.400（20）_2.png,TA0038190758_ki67_1.400（20）_2.png,.png,CRF2,TA0038190758__KI67__1:400__20x,TA0038190758,TA0038190758,KI67,1:400,20x,2,2,high,CRF2_marker_dilution_magnification,TA0038190758,dataset_by_class\TA0038190758__KI67__1_400__20x\TA0038190758_ki67_1.400（20）_2.png,13.65,2026-07-24T02:43:06.000Z,
E:\data\CRF2\CRF2\TA0038190758_ki67_1.400（20）_3.png,CRF2\CRF2\TA0038190758_ki67_1.400（20）_3.png,TA0038190758_ki67_1.400（20）_3.png,.png,CRF2,TA0038190758__KI67__1:400__20x,TA0038190758,TA0038190758,KI67,1:400,20x,3,3,high,CRF2_marker_dilution_magnification,TA0038190758,dataset_by_class\TA0038190758__KI67__1_400__20x\TA0038190758_ki67_1.400（20）_3.png,14.36,2026-07-24T02:45:06.000Z,
E:\data\CRF2\CRF2\TA0038190758_PD1_1.1000（10）_1.png,CRF2\CRF2\TA0038190758_PD1_1.1000（10）_1.png,TA0038190758_PD1_1.1000（10）_1.png,.png,CRF2,TA0038190758__PD1__1:1000__10x,TA0038190758,TA0038190758,PD1,1:1000,10x,1,1,high,CRF2_marker_dilution_magnification,TA0038190758,dataset_by_class\TA0038190758__PD1__1_1000__10x\TA0038190758_PD1_1.1000（10）_1.png,17.08,2026-07-24T03:07:24.000Z,
E:\data\CRF2\CRF2\TA0038190758_PD1_1.1000（20）_1.png,CRF2\CRF2\TA0038190758_PD1_1.1000（20）_1.png,TA0038190758_PD1_1.1000（20）_1.png,.png,CRF2,TA0038190758__PD1__1:1000__20x,TA0038190758,TA0038190758,PD1,1:1000,20x,1,1,high,CRF2_marker_dilution_magnification,TA0038190758,dataset_by_class\TA0038190758__PD1__1_1000__20x\TA0038190758_PD1_1.1000（20）_1.png,14.79,2026-07-24T03:04:44.000Z,
E:\data\CRF2\CRF2\TA0038190758_PD1_1.1000（20）_2.png,CRF2\CRF2\TA0038190758_PD1_1.1000（20）_2.png,TA0038190758_PD1_1.1000（20）_2.png,.png,CRF2,TA0038190758__PD1__1:1000__20x,TA0038190758,TA0038190758,PD1,1:1000,20x,2,2,high,CRF2_marker_dilution_magnification,TA0038190758,dataset_by_class\TA0038190758__PD1__1_1000__20x\TA0038190758_PD1_1.1000（20）_2.png,16.21,2026-07-24T03:08:00.000Z,
E:\data\CRF2\CRF2\TA0038190758_PD1_1.1000（20）_3.png,CRF2\CRF2\TA0038190758_PD1_1.1000（20）_3.png,TA0038190758_PD1_1.1000（20）_3.png,.png,CRF2,TA0038190758__PD1__1:1000__20x,TA0038190758,TA0038190758,PD1,1:1000,20x,3,3,high,CRF2_marker_dilution_magnification,TA0038190758,dataset_by_class\TA0038190758__PD1__1_1000__20x\TA0038190758_PD1_1.1000（20）_3.png,16.35,2026-07-24T03:08:38.000Z,
E:\data\CRF2\CRF2\TA0038190758_PD1_1.500（10）_1.png,CRF2\CRF2\TA0038190758_PD1_1.500（10）_1.png,TA0038190758_PD1_1.500（10）_1.png,.png,CRF2,TA0038190758__PD1__1:500__10x,TA0038190758,TA0038190758,PD1,1:500,10x,1,1,high,CRF2_marker_dilution_magnification,TA0038190758,dataset_by_class\TA0038190758__PD1__1_500__10x\TA0038190758_PD1_1.500（10）_1.png,17.47,2026-07-24T03:00:38.000Z,
E:\data\CRF2\CRF2\TA0038190758_PD1_1.500（20）_1.png,CRF2\CRF2\TA0038190758_PD1_1.500（20）_1.png,TA0038190758_PD1_1.500（20）_1.png,.png,CRF2,TA0038190758__PD1__1:500__20x,TA0038190758,TA0038190758,PD1,1:500,20x,1,1,high,CRF2_marker_dilution_magnification,TA0038190758,dataset_by_class\TA0038190758__PD1__1_500__20x\TA0038190758_PD1_1.500（20）_1.png,15.09,2026-07-24T02:56:30.000Z,
E:\data\CRF2\CRF2\TA0038190758_PD1_1.500（20）_2.png,CRF2\CRF2\TA0038190758_PD1_1.500（20）_2.png,TA0038190758_PD1_1.500（20）_2.png,.png,CRF2,TA0038190758__PD1__1:500__20x,TA0038190758,TA0038190758,PD1,1:500,20x,2,2,high,CRF2_marker_dilution_magnification,TA0038190758,dataset_by_class\TA0038190758__PD1__1_500__20x\TA0038190758_PD1_1.500（20）_2.png,15.11,2026-07-24T02:57:34.000Z,
E:\data\CRF2\CRF2\TA0038190758_PD1_1.500（20）_3.png,CRF2\CRF2\TA0038190758_PD1_1.500（20）_3.png,TA0038190758_PD1_1.500（20）_3.png,.png,CRF2,TA0038190758__PD1__1:500__20x,TA0038190758,TA0038190758,PD1,1:500,20x,3,3,high,CRF2_marker_dilution_magnification,TA0038190758,dataset_by_class\TA0038190758__PD1__1_500__20x\TA0038190758_PD1_1.500（20）_3.png,15.37,2026-07-24T02:58:54.000Z,
E:\data\CRF2\CRF2\TA0038190758空白（R6）（10）_1.png,CRF2\CRF2\TA0038190758空白（R6）（10）_1.png,TA0038190758空白（R6）（10）_1.png,.png,CRF2,TA0038190758__blank__10x,TA0038190758,TA0038190758,blank,,10x,1,1,high,CRF2_blank_control,TA0038190758,dataset_by_class\TA0038190758__blank__10x\TA0038190758空白（R6）（10）_1.png,15.83,2026-07-24T02:21:14.000Z,control=R6
E:\data\CRF2\CRF2\TA0038190758空白（R6）（20）_1.png,CRF2\CRF2\TA0038190758空白（R6）（20）_1.png,TA0038190758空白（R6）（20）_1.png,.png,CRF2,TA0038190758__blank__20x,TA0038190758,TA0038190758,blank,,20x,1,1,high,CRF2_blank_control,TA0038190758,dataset_by_class\TA0038190758__blank__20x\TA0038190758空白（R6）（20）_1.png,15.74,2026-07-24T02:09:56.000Z,control=R6
E:\data\CRF2\CRF2\TA0038190758空白（R6）（20）_2.png,CRF2\CRF2\TA0038190758空白（R6）（20）_2.png,TA0038190758空白（R6）（20）_2.png,.png,CRF2,TA0038190758__blank__20x,TA0038190758,TA0038190758,blank,,20x,2,2,high,CRF2_blank_control,TA0038190758,dataset_by_class\TA0038190758__blank__20x\TA0038190758空白（R6）（20）_2.png,15.84,2026-07-24T02:14:52.000Z,control=R6
E:\data\CRF2\CRF2\TA0038190758空白（R6）（20）_3.png,CRF2\CRF2\TA0038190758空白（R6）（20）_3.png,TA0038190758空白（R6）（20）_3.png,.png,CRF2,TA0038190758__blank__20x,TA0038190758,TA0038190758,blank,,20x,3,3,high,CRF2_blank_control,TA0038190758,dataset_by_class\TA0038190758__blank__20x\TA0038190758空白（R6）（20）_3.png,13.61,2026-07-24T02:19:52.000Z,control=R6
E:\data\sy2part123\肝SK类原位IKZF1序号3X20_1.tif,sy2part123\肝SK类原位IKZF1序号3X20_1.tif,肝SK类原位IKZF1序号3X20_1.tif,.tif,sy2part123,肝SK类原位__IKZF1__序号3__20x,肝SK类原位,序号3,IKZF1,,20x,1,1,high,sy2_specimen_marker_sequence_magnification,肝SK类原位,dataset_by_class\肝SK类原位__IKZF1__序号3__20x\肝SK类原位IKZF1序号3X20_1.tif,25.99,2026-03-28T07:41:50.000Z,
E:\data\sy2part123\肝SK类原位IKZF1序号3X20_10.tif,sy2part123\肝SK类原位IKZF1序号3X20_10.tif,肝SK类原位IKZF1序号3X20_10.tif,.tif,sy2part123,肝SK类原位__IKZF1__序号3__20x,肝SK类原位,序号3,IKZF1,,20x,10,10,high,sy2_specimen_marker_sequence_magnification,肝SK类原位,dataset_by_class\肝SK类原位__IKZF1__序号3__20x\肝SK类原位IKZF1序号3X20_10.tif,23.53,2026-03-28T07:43:32.000Z,
E:\data\sy2part123\肝SK类原位IKZF1序号3X20_11.tif,sy2part123\肝SK类原位IKZF1序号3X20_11.tif,肝SK类原位IKZF1序号3X20_11.tif,.tif,sy2part123,肝SK类原位__IKZF1__序号3__20x,肝SK类原位,序号3,IKZF1,,20x,11,11,high,sy2_specimen_marker_sequence_magnification,肝SK类原位,dataset_by_class\肝SK类原位__IKZF1__序号3__20x\肝SK类原位IKZF1序号3X20_11.tif,25.09,2026-03-28T07:43:46.000Z,
E:\data\sy2part123\肝SK类原位IKZF1序号3X20_12.tif,sy2part123\肝SK类原位IKZF1序号3X20_12.tif,肝SK类原位IKZF1序号3X20_12.tif,.tif,sy2part123,肝SK类原位__IKZF1__序号3__20x,肝SK类原位,序号3,IKZF1,,20x,12,12,high,sy2_specimen_marker_sequence_magnification,肝SK类原位,dataset_by_class\肝SK类原位__IKZF1__序号3__20x\肝SK类原位IKZF1序号3X20_12.tif,25.28,2026-03-28T07:43:56.000Z,
E:\data\sy2part123\肝SK类原位IKZF1序号3X20_13.tif,sy2part123\肝SK类原位IKZF1序号3X20_13.tif,肝SK类原位IKZF1序号3X20_13.tif,.tif,sy2part123,肝SK类原位__IKZF1__序号3__20x,肝SK类原位,序号3,IKZF1,,20x,13,13,high,sy2_specimen_marker_sequence_magnification,肝SK类原位,dataset_by_class\肝SK类原位__IKZF1__序号3__20x\肝SK类原位IKZF1序号3X20_13.tif,24.92,2026-03-28T07:44:06.000Z,
E:\data\sy2part123\肝SK类原位IKZF1序号3X20_14.tif,sy2part123\肝SK类原位IKZF1序号3X20_14.tif,肝SK类原位IKZF1序号3X20_14.tif,.tif,sy2part123,肝SK类原位__IKZF1__序号3__20x,肝SK类原位,序号3,IKZF1,,20x,14,14,high,sy2_specimen_marker_sequence_magnification,肝SK类原位,dataset_by_class\肝SK类原位__IKZF1__序号3__20x\肝SK类原位IKZF1序号3X20_14.tif,24.91,2026-03-28T07:44:16.000Z,
E:\data\sy2part123\肝SK类原位IKZF1序号3X20_15.tif,sy2part123\肝SK类原位IKZF1序号3X20_15.tif,肝SK类原位IKZF1序号3X20_15.tif,.tif,sy2part123,肝SK类原位__IKZF1__序号3__20x,肝SK类原位,序号3,IKZF1,,20x,15,15,high,sy2_specimen_marker_sequence_magnification,肝SK类原位,dataset_by_class\肝SK类原位__IKZF1__序号3__20x\肝SK类原位IKZF1序号3X20_15.tif,24.52,2026-03-28T07:44:26.000Z,
E:\data\sy2part123\肝SK类原位IKZF1序号3X20_16.tif,sy2part123\肝SK类原位IKZF1序号3X20_16.tif,肝SK类原位IKZF1序号3X20_16.tif,.tif,sy2part123,肝SK类原位__IKZF1__序号3__20x,肝SK类原位,序号3,IKZF1,,20x,16,16,high,sy2_specimen_marker_sequence_magnification,肝SK类原位,dataset_by_class\肝SK类原位__IKZF1__序号3__20x\肝SK类原位IKZF1序号3X20_16.tif,24.75,2026-03-28T07:44:38.000Z,
E:\data\sy2part123\肝SK类原位IKZF1序号3X20_17.tif,sy2part123\肝SK类原位IKZF1序号3X20_17.tif,肝SK类原位IKZF1序号3X20_17.tif,.tif,sy2part123,肝SK类原位__IKZF1__序号3__20x,肝SK类原位,序号3,IKZF1,,20x,17,17,high,sy2_specimen_marker_sequence_magnification,肝SK类原位,dataset_by_class\肝SK类原位__IKZF1__序号3__20x\肝SK类原位IKZF1序号3X20_17.tif,25.42,2026-03-28T07:44:46.000Z,
E:\data\sy2part123\肝SK类原位IKZF1序号3X20_18.tif,sy2part123\肝SK类原位IKZF1序号3X20_18.tif,肝SK类原位IKZF1序号3X20_18.tif,.tif,sy2part123,肝SK类原位__IKZF1__序号3__20x,肝SK类原位,序号3,IKZF1,,20x,18,18,high,sy2_specimen_marker_sequence_magnification,肝SK类原位,dataset_by_class\肝SK类原位__IKZF1__序号3__20x\肝SK类原位IKZF1序号3X20_18.tif,26.25,2026-03-28T07:44:58.000Z,
E:\data\sy2part123\肝SK类原位IKZF1序号3X20_19.tif,sy2part123\肝SK类原位IKZF1序号3X20_19.tif,肝SK类原位IKZF1序号3X20_19.tif,.tif,sy2part123,肝SK类原位__IKZF1__序号3__20x,肝SK类原位,序号3,IKZF1,,20x,19,19,high,sy2_specimen_marker_sequence_magnification,肝SK类原位,dataset_by_class\肝SK类原位__IKZF1__序号3__20x\肝SK类原位IKZF1序号3X20_19.tif,24.97,2026-03-28T07:45:10.000Z,
E:\data\sy2part123\肝SK类原位IKZF1序号3X20_2.tif,sy2part123\肝SK类原位IKZF1序号3X20_2.tif,肝SK类原位IKZF1序号3X20_2.tif,.tif,sy2part123,肝SK类原位__IKZF1__序号3__20x,肝SK类原位,序号3,IKZF1,,20x,2,2,high,sy2_specimen_marker_sequence_magnification,肝SK类原位,dataset_by_class\肝SK类原位__IKZF1__序号3__20x\肝SK类原位IKZF1序号3X20_2.tif,25.18,2026-03-28T07:42:00.000Z,
E:\data\sy2part123\肝SK类原位IKZF1序号3X20_20.tif,sy2part123\肝SK类原位IKZF1序号3X20_20.tif,肝SK类原位IKZF1序号3X20_20.tif,.tif,sy2part123,肝SK类原位__IKZF1__序号3__20x,肝SK类原位,序号3,IKZF1,,20x,20,20,high,sy2_specimen_marker_sequence_magnification,肝SK类原位,dataset_by_class\肝SK类原位__IKZF1__序号3__20x\肝SK类原位IKZF1序号3X20_20.tif,24,2026-03-28T07:45:20.000Z,
E:\data\sy2part123\肝SK类原位IKZF1序号3X20_3.tif,sy2part123\肝SK类原位IKZF1序号3X20_3.tif,肝SK类原位IKZF1序号3X20_3.tif,.tif,sy2part123,肝SK类原位__IKZF1__序号3__20x,肝SK类原位,序号3,IKZF1,,20x,3,3,high,sy2_specimen_marker_sequence_magnification,肝SK类原位,dataset_by_class\肝SK类原位__IKZF1__序号3__20x\肝SK类原位IKZF1序号3X20_3.tif,24.36,2026-03-28T07:42:12.000Z,
E:\data\sy2part123\肝SK类原位IKZF1序号3X20_4.tif,sy2part123\肝SK类原位IKZF1序号3X20_4.tif,肝SK类原位IKZF1序号3X20_4.tif,.tif,sy2part123,肝SK类原位__IKZF1__序号3__20x,肝SK类原位,序号3,IKZF1,,20x,4,4,high,sy2_specimen_marker_sequence_magnification,肝SK类原位,dataset_by_class\肝SK类原位__IKZF1__序号3__20x\肝SK类原位IKZF1序号3X20_4.tif,23.16,2026-03-28T07:42:30.000Z,
E:\data\sy2part123\肝SK类原位IKZF1序号3X20_5.tif,sy2part123\肝SK类原位IKZF1序号3X20_5.tif,肝SK类原位IKZF1序号3X20_5.tif,.tif,sy2part123,肝SK类原位__IKZF1__序号3__20x,肝SK类原位,序号3,IKZF1,,20x,5,5,high,sy2_specimen_marker_sequence_magnification,肝SK类原位,dataset_by_class\肝SK类原位__IKZF1__序号3__20x\肝SK类原位IKZF1序号3X20_5.tif,23.41,2026-03-28T07:42:40.000Z,
E:\data\sy2part123\肝SK类原位IKZF1序号3X20_6.tif,sy2part123\肝SK类原位IKZF1序号3X20_6.tif,肝SK类原位IKZF1序号3X20_6.tif,.tif,sy2part123,肝SK类原位__IKZF1__序号3__20x,肝SK类原位,序号3,IKZF1,,20x,6,6,high,sy2_specimen_marker_sequence_magnification,肝SK类原位,dataset_by_class\肝SK类原位__IKZF1__序号3__20x\肝SK类原位IKZF1序号3X20_6.tif,24.23,2026-03-28T07:42:50.000Z,
E:\data\sy2part123\肝SK类原位IKZF1序号3X20_7.tif,sy2part123\肝SK类原位IKZF1序号3X20_7.tif,肝SK类原位IKZF1序号3X20_7.tif,.tif,sy2part123,肝SK类原位__IKZF1__序号3__20x,肝SK类原位,序号3,IKZF1,,20x,7,7,high,sy2_specimen_marker_sequence_magnification,肝SK类原位,dataset_by_class\肝SK类原位__IKZF1__序号3__20x\肝SK类原位IKZF1序号3X20_7.tif,26.85,2026-03-28T07:43:00.000Z,
E:\data\sy2part123\肝SK类原位IKZF1序号3X20_8.tif,sy2part123\肝SK类原位IKZF1序号3X20_8.tif,肝SK类原位IKZF1序号3X20_8.tif,.tif,sy2part123,肝SK类原位__IKZF1__序号3__20x,肝SK类原位,序号3,IKZF1,,20x,8,8,high,sy2_specimen_marker_sequence_magnification,肝SK类原位,dataset_by_class\肝SK类原位__IKZF1__序号3__20x\肝SK类原位IKZF1序号3X20_8.tif,24.23,2026-03-28T07:43:14.000Z,
E:\data\sy2part123\肝SK类原位IKZF1序号3X20_9.tif,sy2part123\肝SK类原位IKZF1序号3X20_9.tif,肝SK类原位IKZF1序号3X20_9.tif,.tif,sy2part123,肝SK类原位__IKZF1__序号3__20x,肝SK类原位,序号3,IKZF1,,20x,9,9,high,sy2_specimen_marker_sequence_magnification,肝SK类原位,dataset_by_class\肝SK类原位__IKZF1__序号3__20x\肝SK类原位IKZF1序号3X20_9.tif,24.84,2026-03-28T07:43:22.000Z,
E:\data\sy2part123\肝SK类原位MPA_P4序号2X20_1.tif,sy2part123\肝SK类原位MPA_P4序号2X20_1.tif,肝SK类原位MPA_P4序号2X20_1.tif,.tif,sy2part123,肝SK类原位__MPA_P4__序号2__20x,肝SK类原位,序号2,MPA_P4,,20x,1,1,high,sy2_specimen_marker_sequence_magnification,肝SK类原位,dataset_by_class\肝SK类原位__MPA_P4__序号2__20x\肝SK类原位MPA_P4序号2X20_1.tif,26.57,2026-03-28T07:02:46.000Z,
E:\data\sy2part123\肝SK类原位MPA_P4序号2X20_10.tif,sy2part123\肝SK类原位MPA_P4序号2X20_10.tif,肝SK类原位MPA_P4序号2X20_10.tif,.tif,sy2part123,肝SK类原位__MPA_P4__序号2__20x,肝SK类原位,序号2,MPA_P4,,20x,10,10,high,sy2_specimen_marker_sequence_magnification,肝SK类原位,dataset_by_class\肝SK类原位__MPA_P4__序号2__20x\肝SK类原位MPA_P4序号2X20_10.tif,25.33,2026-03-28T07:06:26.000Z,
E:\data\sy2part123\肝SK类原位MPA_P4序号2X20_11.tif,sy2part123\肝SK类原位MPA_P4序号2X20_11.tif,肝SK类原位MPA_P4序号2X20_11.tif,.tif,sy2part123,肝SK类原位__MPA_P4__序号2__20x,肝SK类原位,序号2,MPA_P4,,20x,11,11,high,sy2_specimen_marker_sequence_magnification,肝SK类原位,dataset_by_class\肝SK类原位__MPA_P4__序号2__20x\肝SK类原位MPA_P4序号2X20_11.tif,25.51,2026-03-28T07:07:04.000Z,
E:\data\sy2part123\肝SK类原位MPA_P4序号2X20_12.tif,sy2part123\肝SK类原位MPA_P4序号2X20_12.tif,肝SK类原位MPA_P4序号2X20_12.tif,.tif,sy2part123,肝SK类原位__MPA_P4__序号2__20x,肝SK类原位,序号2,MPA_P4,,20x,12,12,high,sy2_specimen_marker_sequence_magnification,肝SK类原位,dataset_by_class\肝SK类原位__MPA_P4__序号2__20x\肝SK类原位MPA_P4序号2X20_12.tif,25.33,2026-03-28T07:07:40.000Z,
E:\data\sy2part123\肝SK类原位MPA_P4序号2X20_13.tif,sy2part123\肝SK类原位MPA_P4序号2X20_13.tif,肝SK类原位MPA_P4序号2X20_13.tif,.tif,sy2part123,肝SK类原位__MPA_P4__序号2__20x,肝SK类原位,序号2,MPA_P4,,20x,13,13,high,sy2_specimen_marker_sequence_magnification,肝SK类原位,dataset_by_class\肝SK类原位__MPA_P4__序号2__20x\肝SK类原位MPA_P4序号2X20_13.tif,26.52,2026-03-28T07:07:54.000Z,
E:\data\sy2part123\肝SK类原位MPA_P4序号2X20_14.tif,sy2part123\肝SK类原位MPA_P4序号2X20_14.tif,肝SK类原位MPA_P4序号2X20_14.tif,.tif,sy2part123,肝SK类原位__MPA_P4__序号2__20x,肝SK类原位,序号2,MPA_P4,,20x,14,14,high,sy2_specimen_marker_sequence_magnification,肝SK类原位,dataset_by_class\肝SK类原位__MPA_P4__序号2__20x\肝SK类原位MPA_P4序号2X20_14.tif,26.72,2026-03-28T07:08:08.000Z,
E:\data\sy2part123\肝SK类原位MPA_P4序号2X20_15.tif,sy2part123\肝SK类原位MPA_P4序号2X20_15.tif,肝SK类原位MPA_P4序号2X20_15.tif,.tif,sy2part123,肝SK类原位__MPA_P4__序号2__20x,肝SK类原位,序号2,MPA_P4,,20x,15,15,high,sy2_specimen_marker_sequence_magnification,肝SK类原位,dataset_by_class\肝SK类原位__MPA_P4__序号2__20x\肝SK类原位MPA_P4序号2X20_15.tif,26.27,2026-03-28T07:08:30.000Z,
E:\data\sy2part123\肝SK类原位MPA_P4序号2X20_16.tif,sy2part123\肝SK类原位MPA_P4序号2X20_16.tif,肝SK类原位MPA_P4序号2X20_16.tif,.tif,sy2part123,肝SK类原位__MPA_P4__序号2__20x,肝SK类原位,序号2,MPA_P4,,20x,16,16,high,sy2_specimen_marker_sequence_magnification,肝SK类原位,dataset_by_class\肝SK类原位__MPA_P4__序号2__20x\肝SK类原位MPA_P4序号2X20_16.tif,25.67,2026-03-28T07:08:54.000Z,
E:\data\sy2part123\肝SK类原位MPA_P4序号2X20_17.tif,sy2part123\肝SK类原位MPA_P4序号2X20_17.tif,肝SK类原位MPA_P4序号2X20_17.tif,.tif,sy2part123,肝SK类原位__MPA_P4__序号2__20x,肝SK类原位,序号2,MPA_P4,,20x,17,17,high,sy2_specimen_marker_sequence_magnification,肝SK类原位,dataset_by_class\肝SK类原位__MPA_P4__序号2__20x\肝SK类原位MPA_P4序号2X20_17.tif,24.55,2026-03-28T07:09:10.000Z,
E:\data\sy2part123\肝SK类原位MPA_P4序号2X20_18.tif,sy2part123\肝SK类原位MPA_P4序号2X20_18.tif,肝SK类原位MPA_P4序号2X20_18.tif,.tif,sy2part123,肝SK类原位__MPA_P4__序号2__20x,肝SK类原位,序号2,MPA_P4,,20x,18,18,high,sy2_specimen_marker_sequence_magnification,肝SK类原位,dataset_by_class\肝SK类原位__MPA_P4__序号2__20x\肝SK类原位MPA_P4序号2X20_18.tif,26.26,2026-03-28T07:09:32.000Z,
E:\data\sy2part123\肝SK类原位MPA_P4序号2X20_19.tif,sy2part123\肝SK类原位MPA_P4序号2X20_19.tif,肝SK类原位MPA_P4序号2X20_19.tif,.tif,sy2part123,肝SK类原位__MPA_P4__序号2__20x,肝SK类原位,序号2,MPA_P4,,20x,19,19,high,sy2_specimen_marker_sequence_magnification,肝SK类原位,dataset_by_class\肝SK类原位__MPA_P4__序号2__20x\肝SK类原位MPA_P4序号2X20_19.tif,27.73,2026-03-28T07:09:48.000Z,
E:\data\sy2part123\肝SK类原位MPA_P4序号2X20_2.tif,sy2part123\肝SK类原位MPA_P4序号2X20_2.tif,肝SK类原位MPA_P4序号2X20_2.tif,.tif,sy2part123,肝SK类原位__MPA_P4__序号2__20x,肝SK类原位,序号2,MPA_P4,,20x,2,2,high,sy2_specimen_marker_sequence_magnification,肝SK类原位,dataset_by_class\肝SK类原位__MPA_P4__序号2__20x\肝SK类原位MPA_P4序号2X20_2.tif,26.33,2026-03-28T07:03:06.000Z,
E:\data\sy2part123\肝SK类原位MPA_P4序号2X20_20.tif,sy2part123\肝SK类原位MPA_P4序号2X20_20.tif,肝SK类原位MPA_P4序号2X20_20.tif,.tif,sy2part123,肝SK类原位__MPA_P4__序号2__20x,肝SK类原位,序号2,MPA_P4,,20x,20,20,high,sy2_specimen_marker_sequence_magnification,肝SK类原位,dataset_by_class\肝SK类原位__MPA_P4__序号2__20x\肝SK类原位MPA_P4序号2X20_20.tif,26.76,2026-03-28T07:10:12.000Z,
E:\data\sy2part123\肝SK类原位MPA_P4序号2X20_3.tif,sy2part123\肝SK类原位MPA_P4序号2X20_3.tif,肝SK类原位MPA_P4序号2X20_3.tif,.tif,sy2part123,肝SK类原位__MPA_P4__序号2__20x,肝SK类原位,序号2,MPA_P4,,20x,3,3,high,sy2_specimen_marker_sequence_magnification,肝SK类原位,dataset_by_class\肝SK类原位__MPA_P4__序号2__20x\肝SK类原位MPA_P4序号2X20_3.tif,25.37,2026-03-28T07:03:28.000Z,
E:\data\sy2part123\肝SK类原位MPA_P4序号2X20_4.tif,sy2part123\肝SK类原位MPA_P4序号2X20_4.tif,肝SK类原位MPA_P4序号2X20_4.tif,.tif,sy2part123,肝SK类原位__MPA_P4__序号2__20x,肝SK类原位,序号2,MPA_P4,,20x,4,4,high,sy2_specimen_marker_sequence_magnification,肝SK类原位,dataset_by_class\肝SK类原位__MPA_P4__序号2__20x\肝SK类原位MPA_P4序号2X20_4.tif,25.75,2026-03-28T07:04:00.000Z,
E:\data\sy2part123\肝SK类原位MPA_P4序号2X20_5.tif,sy2part123\肝SK类原位MPA_P4序号2X20_5.tif,肝SK类原位MPA_P4序号2X20_5.tif,.tif,sy2part123,肝SK类原位__MPA_P4__序号2__20x,肝SK类原位,序号2,MPA_P4,,20x,5,5,high,sy2_specimen_marker_sequence_magnification,肝SK类原位,dataset_by_class\肝SK类原位__MPA_P4__序号2__20x\肝SK类原位MPA_P4序号2X20_5.tif,25.49,2026-03-28T07:04:30.000Z,
E:\data\sy2part123\肝SK类原位MPA_P4序号2X20_6.tif,sy2part123\肝SK类原位MPA_P4序号2X20_6.tif,肝SK类原位MPA_P4序号2X20_6.tif,.tif,sy2part123,肝SK类原位__MPA_P4__序号2__20x,肝SK类原位,序号2,MPA_P4,,20x,6,6,high,sy2_specimen_marker_sequence_magnification,肝SK类原位,dataset_by_class\肝SK类原位__MPA_P4__序号2__20x\肝SK类原位MPA_P4序号2X20_6.tif,25.51,2026-03-28T07:04:56.000Z,
E:\data\sy2part123\肝SK类原位MPA_P4序号2X20_7.tif,sy2part123\肝SK类原位MPA_P4序号2X20_7.tif,肝SK类原位MPA_P4序号2X20_7.tif,.tif,sy2part123,肝SK类原位__MPA_P4__序号2__20x,肝SK类原位,序号2,MPA_P4,,20x,7,7,high,sy2_specimen_marker_sequence_magnification,肝SK类原位,dataset_by_class\肝SK类原位__MPA_P4__序号2__20x\肝SK类原位MPA_P4序号2X20_7.tif,24.52,2026-03-28T07:05:20.000Z,
E:\data\sy2part123\肝SK类原位MPA_P4序号2X20_8.tif,sy2part123\肝SK类原位MPA_P4序号2X20_8.tif,肝SK类原位MPA_P4序号2X20_8.tif,.tif,sy2part123,肝SK类原位__MPA_P4__序号2__20x,肝SK类原位,序号2,MPA_P4,,20x,8,8,high,sy2_specimen_marker_sequence_magnification,肝SK类原位,dataset_by_class\肝SK类原位__MPA_P4__序号2__20x\肝SK类原位MPA_P4序号2X20_8.tif,25.27,2026-03-28T07:05:38.000Z,
E:\data\sy2part123\肝SK类原位MPA_P4序号2X20_9.tif,sy2part123\肝SK类原位MPA_P4序号2X20_9.tif,肝SK类原位MPA_P4序号2X20_9.tif,.tif,sy2part123,肝SK类原位__MPA_P4__序号2__20x,肝SK类原位,序号2,MPA_P4,,20x,9,9,high,sy2_specimen_marker_sequence_magnification,肝SK类原位,dataset_by_class\肝SK类原位__MPA_P4__序号2__20x\肝SK类原位MPA_P4序号2X20_9.tif,26.61,2026-03-28T07:06:08.000Z,
E:\data\sy2part123\肝SK类原位MPAP4序号3X20_1.tif,sy2part123\肝SK类原位MPAP4序号3X20_1.tif,肝SK类原位MPAP4序号3X20_1.tif,.tif,sy2part123,肝SK类原位__MPA_P4__序号3__20x,肝SK类原位,序号3,MPA_P4,,20x,1,1,high,sy2_specimen_marker_sequence_magnification,肝SK类原位,dataset_by_class\肝SK类原位__MPA_P4__序号3__20x\肝SK类原位MPAP4序号3X20_1.tif,26.25,2026-03-28T07:47:08.000Z,
E:\data\sy2part123\肝SK类原位MPAP4序号3X20_10.tif,sy2part123\肝SK类原位MPAP4序号3X20_10.tif,肝SK类原位MPAP4序号3X20_10.tif,.tif,sy2part123,肝SK类原位__MPA_P4__序号3__20x,肝SK类原位,序号3,MPA_P4,,20x,10,10,high,sy2_specimen_marker_sequence_magnification,肝SK类原位,dataset_by_class\肝SK类原位__MPA_P4__序号3__20x\肝SK类原位MPAP4序号3X20_10.tif,25.35,2026-03-28T07:48:48.000Z,
E:\data\sy2part123\肝SK类原位MPAP4序号3X20_11.tif,sy2part123\肝SK类原位MPAP4序号3X20_11.tif,肝SK类原位MPAP4序号3X20_11.tif,.tif,sy2part123,肝SK类原位__MPA_P4__序号3__20x,肝SK类原位,序号3,MPA_P4,,20x,11,11,high,sy2_specimen_marker_sequence_magnification,肝SK类原位,dataset_by_class\肝SK类原位__MPA_P4__序号3__20x\肝SK类原位MPAP4序号3X20_11.tif,26.51,2026-03-28T07:49:10.000Z,
E:\data\sy2part123\肝SK类原位MPAP4序号3X20_12.tif,sy2part123\肝SK类原位MPAP4序号3X20_12.tif,肝SK类原位MPAP4序号3X20_12.tif,.tif,sy2part123,肝SK类原位__MPA_P4__序号3__20x,肝SK类原位,序号3,MPA_P4,,20x,12,12,high,sy2_specimen_marker_sequence_magnification,肝SK类原位,dataset_by_class\肝SK类原位__MPA_P4__序号3__20x\肝SK类原位MPAP4序号3X20_12.tif,25.97,2026-03-28T07:49:20.000Z,
E:\data\sy2part123\肝SK类原位MPAP4序号3X20_13.tif,sy2part123\肝SK类原位MPAP4序号3X20_13.tif,肝SK类原位MPAP4序号3X20_13.tif,.tif,sy2part123,肝SK类原位__MPA_P4__序号3__20x,肝SK类原位,序号3,MPA_P4,,20x,13,13,high,sy2_specimen_marker_sequence_magnification,肝SK类原位,dataset_by_class\肝SK类原位__MPA_P4__序号3__20x\肝SK类原位MPAP4序号3X20_13.tif,25.82,2026-03-28T07:49:30.000Z,
E:\data\sy2part123\肝SK类原位MPAP4序号3X20_14.tif,sy2part123\肝SK类原位MPAP4序号3X20_14.tif,肝SK类原位MPAP4序号3X20_14.tif,.tif,sy2part123,肝SK类原位__MPA_P4__序号3__20x,肝SK类原位,序号3,MPA_P4,,20x,14,14,high,sy2_specimen_marker_sequence_magnification,肝SK类原位,dataset_by_class\肝SK类原位__MPA_P4__序号3__20x\肝SK类原位MPAP4序号3X20_14.tif,24.86,2026-03-28T07:49:40.000Z,
E:\data\sy2part123\肝SK类原位MPAP4序号3X20_15.tif,sy2part123\肝SK类原位MPAP4序号3X20_15.tif,肝SK类原位MPAP4序号3X20_15.tif,.tif,sy2part123,肝SK类原位__MPA_P4__序号3__20x,肝SK类原位,序号3,MPA_P4,,20x,15,15,high,sy2_specimen_marker_sequence_magnification,肝SK类原位,dataset_by_class\肝SK类原位__MPA_P4__序号3__20x\肝SK类原位MPAP4序号3X20_15.tif,26.04,2026-03-28T07:49:50.000Z,
E:\data\sy2part123\肝SK类原位MPAP4序号3X20_16.tif,sy2part123\肝SK类原位MPAP4序号3X20_16.tif,肝SK类原位MPAP4序号3X20_16.tif,.tif,sy2part123,肝SK类原位__MPA_P4__序号3__20x,肝SK类原位,序号3,MPA_P4,,20x,16,16,high,sy2_specimen_marker_sequence_magnification,肝SK类原位,dataset_by_class\肝SK类原位__MPA_P4__序号3__20x\肝SK类原位MPAP4序号3X20_16.tif,25.91,2026-03-28T07:49:58.000Z,
E:\data\sy2part123\肝SK类原位MPAP4序号3X20_17.tif,sy2part123\肝SK类原位MPAP4序号3X20_17.tif,肝SK类原位MPAP4序号3X20_17.tif,.tif,sy2part123,肝SK类原位__MPA_P4__序号3__20x,肝SK类原位,序号3,MPA_P4,,20x,17,17,high,sy2_specimen_marker_sequence_magnification,肝SK类原位,dataset_by_class\肝SK类原位__MPA_P4__序号3__20x\肝SK类原位MPAP4序号3X20_17.tif,26.39,2026-03-28T07:50:08.000Z,
E:\data\sy2part123\肝SK类原位MPAP4序号3X20_18.tif,sy2part123\肝SK类原位MPAP4序号3X20_18.tif,肝SK类原位MPAP4序号3X20_18.tif,.tif,sy2part123,肝SK类原位__MPA_P4__序号3__20x,肝SK类原位,序号3,MPA_P4,,20x,18,18,high,sy2_specimen_marker_sequence_magnification,肝SK类原位,dataset_by_class\肝SK类原位__MPA_P4__序号3__20x\肝SK类原位MPAP4序号3X20_18.tif,27.13,2026-03-28T07:50:18.000Z,
E:\data\sy2part123\肝SK类原位MPAP4序号3X20_19.tif,sy2part123\肝SK类原位MPAP4序号3X20_19.tif,肝SK类原位MPAP4序号3X20_19.tif,.tif,sy2part123,肝SK类原位__MPA_P4__序号3__20x,肝SK类原位,序号3,MPA_P4,,20x,19,19,high,sy2_specimen_marker_sequence_magnification,肝SK类原位,dataset_by_class\肝SK类原位__MPA_P4__序号3__20x\肝SK类原位MPAP4序号3X20_19.tif,27.03,2026-03-28T07:50:30.000Z,
E:\data\sy2part123\肝SK类原位MPAP4序号3X20_2.tif,sy2part123\肝SK类原位MPAP4序号3X20_2.tif,肝SK类原位MPAP4序号3X20_2.tif,.tif,sy2part123,肝SK类原位__MPA_P4__序号3__20x,肝SK类原位,序号3,MPA_P4,,20x,2,2,high,sy2_specimen_marker_sequence_magnification,肝SK类原位,dataset_by_class\肝SK类原位__MPA_P4__序号3__20x\肝SK类原位MPAP4序号3X20_2.tif,26.95,2026-03-28T07:47:18.000Z,
E:\data\sy2part123\肝SK类原位MPAP4序号3X20_20.tif,sy2part123\肝SK类原位MPAP4序号3X20_20.tif,肝SK类原位MPAP4序号3X20_20.tif,.tif,sy2part123,肝SK类原位__MPA_P4__序号3__20x,肝SK类原位,序号3,MPA_P4,,20x,20,20,high,sy2_specimen_marker_sequence_magnification,肝SK类原位,dataset_by_class\肝SK类原位__MPA_P4__序号3__20x\肝SK类原位MPAP4序号3X20_20.tif,26.24,2026-03-28T07:50:40.000Z,
E:\data\sy2part123\肝SK类原位MPAP4序号3X20_34.tif,sy2part123\肝SK类原位MPAP4序号3X20_34.tif,肝SK类原位MPAP4序号3X20_34.tif,.tif,sy2part123,肝SK类原位__MPA_P4__序号3__20x,肝SK类原位,序号3,MPA_P4,,20x,34,34,high,sy2_specimen_marker_sequence_magnification,肝SK类原位,dataset_by_class\肝SK类原位__MPA_P4__序号3__20x\肝SK类原位MPAP4序号3X20_34.tif,27.18,2026-03-28T07:47:28.000Z,
E:\data\sy2part123\肝SK类原位MPAP4序号3X20_4.tif,sy2part123\肝SK类原位MPAP4序号3X20_4.tif,肝SK类原位MPAP4序号3X20_4.tif,.tif,sy2part123,肝SK类原位__MPA_P4__序号3__20x,肝SK类原位,序号3,MPA_P4,,20x,4,4,high,sy2_specimen_marker_sequence_magnification,肝SK类原位,dataset_by_class\肝SK类原位__MPA_P4__序号3__20x\肝SK类原位MPAP4序号3X20_4.tif,26.84,2026-03-28T07:47:38.000Z,
E:\data\sy2part123\肝SK类原位MPAP4序号3X20_5.tif,sy2part123\肝SK类原位MPAP4序号3X20_5.tif,肝SK类原位MPAP4序号3X20_5.tif,.tif,sy2part123,肝SK类原位__MPA_P4__序号3__20x,肝SK类原位,序号3,MPA_P4,,20x,5,5,high,sy2_specimen_marker_sequence_magnification,肝SK类原位,dataset_by_class\肝SK类原位__MPA_P4__序号3__20x\肝SK类原位MPAP4序号3X20_5.tif,27.28,2026-03-28T07:47:46.000Z,
E:\data\sy2part123\肝SK类原位MPAP4序号3X20_6.tif,sy2part123\肝SK类原位MPAP4序号3X20_6.tif,肝SK类原位MPAP4序号3X20_6.tif,.tif,sy2part123,肝SK类原位__MPA_P4__序号3__20x,肝SK类原位,序号3,MPA_P4,,20x,6,6,high,sy2_specimen_marker_sequence_magnification,肝SK类原位,dataset_by_class\肝SK类原位__MPA_P4__序号3__20x\肝SK类原位MPAP4序号3X20_6.tif,27.68,2026-03-28T07:48:02.000Z,
E:\data\sy2part123\肝SK类原位MPAP4序号3X20_7.tif,sy2part123\肝SK类原位MPAP4序号3X20_7.tif,肝SK类原位MPAP4序号3X20_7.tif,.tif,sy2part123,肝SK类原位__MPA_P4__序号3__20x,肝SK类原位,序号3,MPA_P4,,20x,7,7,high,sy2_specimen_marker_sequence_magnification,肝SK类原位,dataset_by_class\肝SK类原位__MPA_P4__序号3__20x\肝SK类原位MPAP4序号3X20_7.tif,26.82,2026-03-28T07:48:10.000Z,
E:\data\sy2part123\肝SK类原位MPAP4序号3X20_8.tif,sy2part123\肝SK类原位MPAP4序号3X20_8.tif,肝SK类原位MPAP4序号3X20_8.tif,.tif,sy2part123,肝SK类原位__MPA_P4__序号3__20x,肝SK类原位,序号3,MPA_P4,,20x,8,8,high,sy2_specimen_marker_sequence_magnification,肝SK类原位,dataset_by_class\肝SK类原位__MPA_P4__序号3__20x\肝SK类原位MPAP4序号3X20_8.tif,26.61,2026-03-28T07:48:22.000Z,
E:\data\sy2part123\肝SK类原位MPAP4序号3X20_9.tif,sy2part123\肝SK类原位MPAP4序号3X20_9.tif,肝SK类原位MPAP4序号3X20_9.tif,.tif,sy2part123,肝SK类原位__MPA_P4__序号3__20x,肝SK类原位,序号3,MPA_P4,,20x,9,9,high,sy2_specimen_marker_sequence_magnification,肝SK类原位,dataset_by_class\肝SK类原位__MPA_P4__序号3__20x\肝SK类原位MPAP4序号3X20_9.tif,26.34,2026-03-28T07:48:30.000Z,
E:\data\sy2part123\肿瘤SK类皮下IKZF1序号2X20_1.tif,sy2part123\肿瘤SK类皮下IKZF1序号2X20_1.tif,肿瘤SK类皮下IKZF1序号2X20_1.tif,.tif,sy2part123,肿瘤SK类皮下__IKZF1__序号2__20x,肿瘤SK类皮下,序号2,IKZF1,,20x,1,1,high,sy2_specimen_marker_sequence_magnification,肿瘤SK类皮下,dataset_by_class\肿瘤SK类皮下__IKZF1__序号2__20x\肿瘤SK类皮下IKZF1序号2X20_1.tif,26.74,2026-03-28T07:20:18.000Z,
E:\data\sy2part123\肿瘤SK类皮下IKZF1序号2X20_10.tif,sy2part123\肿瘤SK类皮下IKZF1序号2X20_10.tif,肿瘤SK类皮下IKZF1序号2X20_10.tif,.tif,sy2part123,肿瘤SK类皮下__IKZF1__序号2__20x,肿瘤SK类皮下,序号2,IKZF1,,20x,10,10,high,sy2_specimen_marker_sequence_magnification,肿瘤SK类皮下,dataset_by_class\肿瘤SK类皮下__IKZF1__序号2__20x\肿瘤SK类皮下IKZF1序号2X20_10.tif,26.12,2026-03-28T07:22:06.000Z,
E:\data\sy2part123\肿瘤SK类皮下IKZF1序号2X20_11.tif,sy2part123\肿瘤SK类皮下IKZF1序号2X20_11.tif,肿瘤SK类皮下IKZF1序号2X20_11.tif,.tif,sy2part123,肿瘤SK类皮下__IKZF1__序号2__20x,肿瘤SK类皮下,序号2,IKZF1,,20x,11,11,high,sy2_specimen_marker_sequence_magnification,肿瘤SK类皮下,dataset_by_class\肿瘤SK类皮下__IKZF1__序号2__20x\肿瘤SK类皮下IKZF1序号2X20_11.tif,26.76,2026-03-28T07:22:26.000Z,
E:\data\sy2part123\肿瘤SK类皮下IKZF1序号2X20_12.tif,sy2part123\肿瘤SK类皮下IKZF1序号2X20_12.tif,肿瘤SK类皮下IKZF1序号2X20_12.tif,.tif,sy2part123,肿瘤SK类皮下__IKZF1__序号2__20x,肿瘤SK类皮下,序号2,IKZF1,,20x,12,12,high,sy2_specimen_marker_sequence_magnification,肿瘤SK类皮下,dataset_by_class\肿瘤SK类皮下__IKZF1__序号2__20x\肿瘤SK类皮下IKZF1序号2X20_12.tif,26.7,2026-03-28T07:22:36.000Z,
E:\data\sy2part123\肿瘤SK类皮下IKZF1序号2X20_13.tif,sy2part123\肿瘤SK类皮下IKZF1序号2X20_13.tif,肿瘤SK类皮下IKZF1序号2X20_13.tif,.tif,sy2part123,肿瘤SK类皮下__IKZF1__序号2__20x,肿瘤SK类皮下,序号2,IKZF1,,20x,13,13,high,sy2_specimen_marker_sequence_magnification,肿瘤SK类皮下,dataset_by_class\肿瘤SK类皮下__IKZF1__序号2__20x\肿瘤SK类皮下IKZF1序号2X20_13.tif,27.14,2026-03-28T07:22:50.000Z,
E:\data\sy2part123\肿瘤SK类皮下IKZF1序号2X20_14.tif,sy2part123\肿瘤SK类皮下IKZF1序号2X20_14.tif,肿瘤SK类皮下IKZF1序号2X20_14.tif,.tif,sy2part123,肿瘤SK类皮下__IKZF1__序号2__20x,肿瘤SK类皮下,序号2,IKZF1,,20x,14,14,high,sy2_specimen_marker_sequence_magnification,肿瘤SK类皮下,dataset_by_class\肿瘤SK类皮下__IKZF1__序号2__20x\肿瘤SK类皮下IKZF1序号2X20_14.tif,27.38,2026-03-28T07:23:04.000Z,
E:\data\sy2part123\肿瘤SK类皮下IKZF1序号2X20_15.tif,sy2part123\肿瘤SK类皮下IKZF1序号2X20_15.tif,肿瘤SK类皮下IKZF1序号2X20_15.tif,.tif,sy2part123,肿瘤SK类皮下__IKZF1__序号2__20x,肿瘤SK类皮下,序号2,IKZF1,,20x,15,15,high,sy2_specimen_marker_sequence_magnification,肿瘤SK类皮下,dataset_by_class\肿瘤SK类皮下__IKZF1__序号2__20x\肿瘤SK类皮下IKZF1序号2X20_15.tif,26.7,2026-03-28T07:23:16.000Z,
E:\data\sy2part123\肿瘤SK类皮下IKZF1序号2X20_16.tif,sy2part123\肿瘤SK类皮下IKZF1序号2X20_16.tif,肿瘤SK类皮下IKZF1序号2X20_16.tif,.tif,sy2part123,肿瘤SK类皮下__IKZF1__序号2__20x,肿瘤SK类皮下,序号2,IKZF1,,20x,16,16,high,sy2_specimen_marker_sequence_magnification,肿瘤SK类皮下,dataset_by_class\肿瘤SK类皮下__IKZF1__序号2__20x\肿瘤SK类皮下IKZF1序号2X20_16.tif,27.59,2026-03-28T07:23:26.000Z,
E:\data\sy2part123\肿瘤SK类皮下IKZF1序号2X20_17.tif,sy2part123\肿瘤SK类皮下IKZF1序号2X20_17.tif,肿瘤SK类皮下IKZF1序号2X20_17.tif,.tif,sy2part123,肿瘤SK类皮下__IKZF1__序号2__20x,肿瘤SK类皮下,序号2,IKZF1,,20x,17,17,high,sy2_specimen_marker_sequence_magnification,肿瘤SK类皮下,dataset_by_class\肿瘤SK类皮下__IKZF1__序号2__20x\肿瘤SK类皮下IKZF1序号2X20_17.tif,28.53,2026-03-28T07:23:38.000Z,
E:\data\sy2part123\肿瘤SK类皮下IKZF1序号2X20_18.tif,sy2part123\肿瘤SK类皮下IKZF1序号2X20_18.tif,肿瘤SK类皮下IKZF1序号2X20_18.tif,.tif,sy2part123,肿瘤SK类皮下__IKZF1__序号2__20x,肿瘤SK类皮下,序号2,IKZF1,,20x,18,18,high,sy2_specimen_marker_sequence_magnification,肿瘤SK类皮下,dataset_by_class\肿瘤SK类皮下__IKZF1__序号2__20x\肿瘤SK类皮下IKZF1序号2X20_18.tif,26.14,2026-03-28T07:23:50.000Z,
E:\data\sy2part123\肿瘤SK类皮下IKZF1序号2X20_19.tif,sy2part123\肿瘤SK类皮下IKZF1序号2X20_19.tif,肿瘤SK类皮下IKZF1序号2X20_19.tif,.tif,sy2part123,肿瘤SK类皮下__IKZF1__序号2__20x,肿瘤SK类皮下,序号2,IKZF1,,20x,19,19,high,sy2_specimen_marker_sequence_magnification,肿瘤SK类皮下,dataset_by_class\肿瘤SK类皮下__IKZF1__序号2__20x\肿瘤SK类皮下IKZF1序号2X20_19.tif,25.88,2026-03-28T07:24:08.000Z,
E:\data\sy2part123\肿瘤SK类皮下IKZF1序号2X20_2.tif,sy2part123\肿瘤SK类皮下IKZF1序号2X20_2.tif,肿瘤SK类皮下IKZF1序号2X20_2.tif,.tif,sy2part123,肿瘤SK类皮下__IKZF1__序号2__20x,肿瘤SK类皮下,序号2,IKZF1,,20x,2,2,high,sy2_specimen_marker_sequence_magnification,肿瘤SK类皮下,dataset_by_class\肿瘤SK类皮下__IKZF1__序号2__20x\肿瘤SK类皮下IKZF1序号2X20_2.tif,27.33,2026-03-28T07:20:30.000Z,
E:\data\sy2part123\肿瘤SK类皮下IKZF1序号2X20_20.tif,sy2part123\肿瘤SK类皮下IKZF1序号2X20_20.tif,肿瘤SK类皮下IKZF1序号2X20_20.tif,.tif,sy2part123,肿瘤SK类皮下__IKZF1__序号2__20x,肿瘤SK类皮下,序号2,IKZF1,,20x,20,20,high,sy2_specimen_marker_sequence_magnification,肿瘤SK类皮下,dataset_by_class\肿瘤SK类皮下__IKZF1__序号2__20x\肿瘤SK类皮下IKZF1序号2X20_20.tif,26.45,2026-03-28T07:24:20.000Z,
E:\data\sy2part123\肿瘤SK类皮下IKZF1序号2X20_3.tif,sy2part123\肿瘤SK类皮下IKZF1序号2X20_3.tif,肿瘤SK类皮下IKZF1序号2X20_3.tif,.tif,sy2part123,肿瘤SK类皮下__IKZF1__序号2__20x,肿瘤SK类皮下,序号2,IKZF1,,20x,3,3,high,sy2_specimen_marker_sequence_magnification,肿瘤SK类皮下,dataset_by_class\肿瘤SK类皮下__IKZF1__序号2__20x\肿瘤SK类皮下IKZF1序号2X20_3.tif,27.2,2026-03-28T07:20:40.000Z,
E:\data\sy2part123\肿瘤SK类皮下IKZF1序号2X20_4.tif,sy2part123\肿瘤SK类皮下IKZF1序号2X20_4.tif,肿瘤SK类皮下IKZF1序号2X20_4.tif,.tif,sy2part123,肿瘤SK类皮下__IKZF1__序号2__20x,肿瘤SK类皮下,序号2,IKZF1,,20x,4,4,high,sy2_specimen_marker_sequence_magnification,肿瘤SK类皮下,dataset_by_class\肿瘤SK类皮下__IKZF1__序号2__20x\肿瘤SK类皮下IKZF1序号2X20_4.tif,26.91,2026-03-28T07:20:52.000Z,
E:\data\sy2part123\肿瘤SK类皮下IKZF1序号2X20_5.tif,sy2part123\肿瘤SK类皮下IKZF1序号2X20_5.tif,肿瘤SK类皮下IKZF1序号2X20_5.tif,.tif,sy2part123,肿瘤SK类皮下__IKZF1__序号2__20x,肿瘤SK类皮下,序号2,IKZF1,,20x,5,5,high,sy2_specimen_marker_sequence_magnification,肿瘤SK类皮下,dataset_by_class\肿瘤SK类皮下__IKZF1__序号2__20x\肿瘤SK类皮下IKZF1序号2X20_5.tif,26.57,2026-03-28T07:21:04.000Z,
E:\data\sy2part123\肿瘤SK类皮下IKZF1序号2X20_6.tif,sy2part123\肿瘤SK类皮下IKZF1序号2X20_6.tif,肿瘤SK类皮下IKZF1序号2X20_6.tif,.tif,sy2part123,肿瘤SK类皮下__IKZF1__序号2__20x,肿瘤SK类皮下,序号2,IKZF1,,20x,6,6,high,sy2_specimen_marker_sequence_magnification,肿瘤SK类皮下,dataset_by_class\肿瘤SK类皮下__IKZF1__序号2__20x\肿瘤SK类皮下IKZF1序号2X20_6.tif,26.23,2026-03-28T07:21:14.000Z,
E:\data\sy2part123\肿瘤SK类皮下IKZF1序号2X20_7.tif,sy2part123\肿瘤SK类皮下IKZF1序号2X20_7.tif,肿瘤SK类皮下IKZF1序号2X20_7.tif,.tif,sy2part123,肿瘤SK类皮下__IKZF1__序号2__20x,肿瘤SK类皮下,序号2,IKZF1,,20x,7,7,high,sy2_specimen_marker_sequence_magnification,肿瘤SK类皮下,dataset_by_class\肿瘤SK类皮下__IKZF1__序号2__20x\肿瘤SK类皮下IKZF1序号2X20_7.tif,25.38,2026-03-28T07:21:24.000Z,
E:\data\sy2part123\肿瘤SK类皮下IKZF1序号2X20_8.tif,sy2part123\肿瘤SK类皮下IKZF1序号2X20_8.tif,肿瘤SK类皮下IKZF1序号2X20_8.tif,.tif,sy2part123,肿瘤SK类皮下__IKZF1__序号2__20x,肿瘤SK类皮下,序号2,IKZF1,,20x,8,8,high,sy2_specimen_marker_sequence_magnification,肿瘤SK类皮下,dataset_by_class\肿瘤SK类皮下__IKZF1__序号2__20x\肿瘤SK类皮下IKZF1序号2X20_8.tif,26.06,2026-03-28T07:21:36.000Z,
E:\data\sy2part123\肿瘤SK类皮下IKZF1序号2X20_9.tif,sy2part123\肿瘤SK类皮下IKZF1序号2X20_9.tif,肿瘤SK类皮下IKZF1序号2X20_9.tif,.tif,sy2part123,肿瘤SK类皮下__IKZF1__序号2__20x,肿瘤SK类皮下,序号2,IKZF1,,20x,9,9,high,sy2_specimen_marker_sequence_magnification,肿瘤SK类皮下,dataset_by_class\肿瘤SK类皮下__IKZF1__序号2__20x\肿瘤SK类皮下IKZF1序号2X20_9.tif,21.86,2026-03-28T07:21:52.000Z,
E:\data\sy2part123\肿瘤SK类皮下MFAP4序号5X20_1.tif,sy2part123\肿瘤SK类皮下MFAP4序号5X20_1.tif,肿瘤SK类皮下MFAP4序号5X20_1.tif,.tif,sy2part123,肿瘤SK类皮下__MFAP4__序号5__20x,肿瘤SK类皮下,序号5,MFAP4,,20x,1,1,high,sy2_specimen_marker_sequence_magnification,肿瘤SK类皮下,dataset_by_class\肿瘤SK类皮下__MFAP4__序号5__20x\肿瘤SK类皮下MFAP4序号5X20_1.tif,24.96,2026-03-28T07:25:42.000Z,
E:\data\sy2part123\肿瘤SK类皮下MFAP4序号5X20_10.tif,sy2part123\肿瘤SK类皮下MFAP4序号5X20_10.tif,肿瘤SK类皮下MFAP4序号5X20_10.tif,.tif,sy2part123,肿瘤SK类皮下__MFAP4__序号5__20x,肿瘤SK类皮下,序号5,MFAP4,,20x,10,10,high,sy2_specimen_marker_sequence_magnification,肿瘤SK类皮下,dataset_by_class\肿瘤SK类皮下__MFAP4__序号5__20x\肿瘤SK类皮下MFAP4序号5X20_10.tif,26.13,2026-03-28T07:27:38.000Z,
E:\data\sy2part123\肿瘤SK类皮下MFAP4序号5X20_11.tif,sy2part123\肿瘤SK类皮下MFAP4序号5X20_11.tif,肿瘤SK类皮下MFAP4序号5X20_11.tif,.tif,sy2part123,肿瘤SK类皮下__MFAP4__序号5__20x,肿瘤SK类皮下,序号5,MFAP4,,20x,11,11,high,sy2_specimen_marker_sequence_magnification,肿瘤SK类皮下,dataset_by_class\肿瘤SK类皮下__MFAP4__序号5__20x\肿瘤SK类皮下MFAP4序号5X20_11.tif,24.12,2026-03-28T07:27:52.000Z,
E:\data\sy2part123\肿瘤SK类皮下MFAP4序号5X20_12.tif,sy2part123\肿瘤SK类皮下MFAP4序号5X20_12.tif,肿瘤SK类皮下MFAP4序号5X20_12.tif,.tif,sy2part123,肿瘤SK类皮下__MFAP4__序号5__20x,肿瘤SK类皮下,序号5,MFAP4,,20x,12,12,high,sy2_specimen_marker_sequence_magnification,肿瘤SK类皮下,dataset_by_class\肿瘤SK类皮下__MFAP4__序号5__20x\肿瘤SK类皮下MFAP4序号5X20_12.tif,26.03,2026-03-28T07:28:10.000Z,
E:\data\sy2part123\肿瘤SK类皮下MFAP4序号5X20_13.tif,sy2part123\肿瘤SK类皮下MFAP4序号5X20_13.tif,肿瘤SK类皮下MFAP4序号5X20_13.tif,.tif,sy2part123,肿瘤SK类皮下__MFAP4__序号5__20x,肿瘤SK类皮下,序号5,MFAP4,,20x,13,13,high,sy2_specimen_marker_sequence_magnification,肿瘤SK类皮下,dataset_by_class\肿瘤SK类皮下__MFAP4__序号5__20x\肿瘤SK类皮下MFAP4序号5X20_13.tif,26.69,2026-03-28T07:28:22.000Z,
E:\data\sy2part123\肿瘤SK类皮下MFAP4序号5X20_14.tif,sy2part123\肿瘤SK类皮下MFAP4序号5X20_14.tif,肿瘤SK类皮下MFAP4序号5X20_14.tif,.tif,sy2part123,肿瘤SK类皮下__MFAP4__序号5__20x,肿瘤SK类皮下,序号5,MFAP4,,20x,14,14,high,sy2_specimen_marker_sequence_magnification,肿瘤SK类皮下,dataset_by_class\肿瘤SK类皮下__MFAP4__序号5__20x\肿瘤SK类皮下MFAP4序号5X20_14.tif,26.39,2026-03-28T07:28:34.000Z,
E:\data\sy2part123\肿瘤SK类皮下MFAP4序号5X20_15.tif,sy2part123\肿瘤SK类皮下MFAP4序号5X20_15.tif,肿瘤SK类皮下MFAP4序号5X20_15.tif,.tif,sy2part123,肿瘤SK类皮下__MFAP4__序号5__20x,肿瘤SK类皮下,序号5,MFAP4,,20x,15,15,high,sy2_specimen_marker_sequence_magnification,肿瘤SK类皮下,dataset_by_class\肿瘤SK类皮下__MFAP4__序号5__20x\肿瘤SK类皮下MFAP4序号5X20_15.tif,25.62,2026-03-28T07:28:48.000Z,
E:\data\sy2part123\肿瘤SK类皮下MFAP4序号5X20_16.tif,sy2part123\肿瘤SK类皮下MFAP4序号5X20_16.tif,肿瘤SK类皮下MFAP4序号5X20_16.tif,.tif,sy2part123,肿瘤SK类皮下__MFAP4__序号5__20x,肿瘤SK类皮下,序号5,MFAP4,,20x,16,16,high,sy2_specimen_marker_sequence_magnification,肿瘤SK类皮下,dataset_by_class\肿瘤SK类皮下__MFAP4__序号5__20x\肿瘤SK类皮下MFAP4序号5X20_16.tif,25.7,2026-03-28T07:29:00.000Z,
E:\data\sy2part123\肿瘤SK类皮下MFAP4序号5X20_17.tif,sy2part123\肿瘤SK类皮下MFAP4序号5X20_17.tif,肿瘤SK类皮下MFAP4序号5X20_17.tif,.tif,sy2part123,肿瘤SK类皮下__MFAP4__序号5__20x,肿瘤SK类皮下,序号5,MFAP4,,20x,17,17,high,sy2_specimen_marker_sequence_magnification,肿瘤SK类皮下,dataset_by_class\肿瘤SK类皮下__MFAP4__序号5__20x\肿瘤SK类皮下MFAP4序号5X20_17.tif,25.51,2026-03-28T07:29:10.000Z,
E:\data\sy2part123\肿瘤SK类皮下MFAP4序号5X20_18.tif,sy2part123\肿瘤SK类皮下MFAP4序号5X20_18.tif,肿瘤SK类皮下MFAP4序号5X20_18.tif,.tif,sy2part123,肿瘤SK类皮下__MFAP4__序号5__20x,肿瘤SK类皮下,序号5,MFAP4,,20x,18,18,high,sy2_specimen_marker_sequence_magnification,肿瘤SK类皮下,dataset_by_class\肿瘤SK类皮下__MFAP4__序号5__20x\肿瘤SK类皮下MFAP4序号5X20_18.tif,25.66,2026-03-28T07:29:22.000Z,
E:\data\sy2part123\肿瘤SK类皮下MFAP4序号5X20_19.tif,sy2part123\肿瘤SK类皮下MFAP4序号5X20_19.tif,肿瘤SK类皮下MFAP4序号5X20_19.tif,.tif,sy2part123,肿瘤SK类皮下__MFAP4__序号5__20x,肿瘤SK类皮下,序号5,MFAP4,,20x,19,19,high,sy2_specimen_marker_sequence_magnification,肿瘤SK类皮下,dataset_by_class\肿瘤SK类皮下__MFAP4__序号5__20x\肿瘤SK类皮下MFAP4序号5X20_19.tif,25.5,2026-03-28T07:29:32.000Z,
E:\data\sy2part123\肿瘤SK类皮下MFAP4序号5X20_2.tif,sy2part123\肿瘤SK类皮下MFAP4序号5X20_2.tif,肿瘤SK类皮下MFAP4序号5X20_2.tif,.tif,sy2part123,肿瘤SK类皮下__MFAP4__序号5__20x,肿瘤SK类皮下,序号5,MFAP4,,20x,2,2,high,sy2_specimen_marker_sequence_magnification,肿瘤SK类皮下,dataset_by_class\肿瘤SK类皮下__MFAP4__序号5__20x\肿瘤SK类皮下MFAP4序号5X20_2.tif,25.49,2026-03-28T07:25:56.000Z,
E:\data\sy2part123\肿瘤SK类皮下MFAP4序号5X20_20.tif,sy2part123\肿瘤SK类皮下MFAP4序号5X20_20.tif,肿瘤SK类皮下MFAP4序号5X20_20.tif,.tif,sy2part123,肿瘤SK类皮下__MFAP4__序号5__20x,肿瘤SK类皮下,序号5,MFAP4,,20x,20,20,high,sy2_specimen_marker_sequence_magnification,肿瘤SK类皮下,dataset_by_class\肿瘤SK类皮下__MFAP4__序号5__20x\肿瘤SK类皮下MFAP4序号5X20_20.tif,26.49,2026-03-28T07:29:44.000Z,
E:\data\sy2part123\肿瘤SK类皮下MFAP4序号5X20_3.tif,sy2part123\肿瘤SK类皮下MFAP4序号5X20_3.tif,肿瘤SK类皮下MFAP4序号5X20_3.tif,.tif,sy2part123,肿瘤SK类皮下__MFAP4__序号5__20x,肿瘤SK类皮下,序号5,MFAP4,,20x,3,3,high,sy2_specimen_marker_sequence_magnification,肿瘤SK类皮下,dataset_by_class\肿瘤SK类皮下__MFAP4__序号5__20x\肿瘤SK类皮下MFAP4序号5X20_3.tif,26.42,2026-03-28T07:26:08.000Z,
E:\data\sy2part123\肿瘤SK类皮下MFAP4序号5X20_4.tif,sy2part123\肿瘤SK类皮下MFAP4序号5X20_4.tif,肿瘤SK类皮下MFAP4序号5X20_4.tif,.tif,sy2part123,肿瘤SK类皮下__MFAP4__序号5__20x,肿瘤SK类皮下,序号5,MFAP4,,20x,4,4,high,sy2_specimen_marker_sequence_magnification,肿瘤SK类皮下,dataset_by_class\肿瘤SK类皮下__MFAP4__序号5__20x\肿瘤SK类皮下MFAP4序号5X20_4.tif,26.64,2026-03-28T07:26:22.000Z,
E:\data\sy2part123\肿瘤SK类皮下MFAP4序号5X20_5.tif,sy2part123\肿瘤SK类皮下MFAP4序号5X20_5.tif,肿瘤SK类皮下MFAP4序号5X20_5.tif,.tif,sy2part123,肿瘤SK类皮下__MFAP4__序号5__20x,肿瘤SK类皮下,序号5,MFAP4,,20x,5,5,high,sy2_specimen_marker_sequence_magnification,肿瘤SK类皮下,dataset_by_class\肿瘤SK类皮下__MFAP4__序号5__20x\肿瘤SK类皮下MFAP4序号5X20_5.tif,26.37,2026-03-28T07:26:36.000Z,
E:\data\sy2part123\肿瘤SK类皮下MFAP4序号5X20_6.tif,sy2part123\肿瘤SK类皮下MFAP4序号5X20_6.tif,肿瘤SK类皮下MFAP4序号5X20_6.tif,.tif,sy2part123,肿瘤SK类皮下__MFAP4__序号5__20x,肿瘤SK类皮下,序号5,MFAP4,,20x,6,6,high,sy2_specimen_marker_sequence_magnification,肿瘤SK类皮下,dataset_by_class\肿瘤SK类皮下__MFAP4__序号5__20x\肿瘤SK类皮下MFAP4序号5X20_6.tif,25.36,2026-03-28T07:26:50.000Z,
E:\data\sy2part123\肿瘤SK类皮下MFAP4序号5X20_7.tif,sy2part123\肿瘤SK类皮下MFAP4序号5X20_7.tif,肿瘤SK类皮下MFAP4序号5X20_7.tif,.tif,sy2part123,肿瘤SK类皮下__MFAP4__序号5__20x,肿瘤SK类皮下,序号5,MFAP4,,20x,7,7,high,sy2_specimen_marker_sequence_magnification,肿瘤SK类皮下,dataset_by_class\肿瘤SK类皮下__MFAP4__序号5__20x\肿瘤SK类皮下MFAP4序号5X20_7.tif,24.48,2026-03-28T07:27:02.000Z,
E:\data\sy2part123\肿瘤SK类皮下MFAP4序号5X20_8.tif,sy2part123\肿瘤SK类皮下MFAP4序号5X20_8.tif,肿瘤SK类皮下MFAP4序号5X20_8.tif,.tif,sy2part123,肿瘤SK类皮下__MFAP4__序号5__20x,肿瘤SK类皮下,序号5,MFAP4,,20x,8,8,high,sy2_specimen_marker_sequence_magnification,肿瘤SK类皮下,dataset_by_class\肿瘤SK类皮下__MFAP4__序号5__20x\肿瘤SK类皮下MFAP4序号5X20_8.tif,25.68,2026-03-28T07:27:16.000Z,
E:\data\sy2part123\肿瘤SK类皮下MFAP4序号5X20_9.tif,sy2part123\肿瘤SK类皮下MFAP4序号5X20_9.tif,肿瘤SK类皮下MFAP4序号5X20_9.tif,.tif,sy2part123,肿瘤SK类皮下__MFAP4__序号5__20x,肿瘤SK类皮下,序号5,MFAP4,,20x,9,9,high,sy2_specimen_marker_sequence_magnification,肿瘤SK类皮下,dataset_by_class\肿瘤SK类皮下__MFAP4__序号5__20x\肿瘤SK类皮下MFAP4序号5X20_9.tif,23.91,2026-03-28T07:27:26.000Z,
E:\data\sy2part123\肿瘤SK类皮下TCR_RFP序号1X20_1.tif,sy2part123\肿瘤SK类皮下TCR_RFP序号1X20_1.tif,肿瘤SK类皮下TCR_RFP序号1X20_1.tif,.tif,sy2part123,肿瘤SK类皮下__TCR_RFP__序号1__20x,肿瘤SK类皮下,序号1,TCR_RFP,,20x,1,1,high,sy2_specimen_marker_sequence_magnification,肿瘤SK类皮下,dataset_by_class\肿瘤SK类皮下__TCR_RFP__序号1__20x\肿瘤SK类皮下TCR_RFP序号1X20_1.tif,20.8,2026-03-28T07:13:18.000Z,
E:\data\sy2part123\肿瘤SK类皮下TCR_RFP序号1X20_10.tif,sy2part123\肿瘤SK类皮下TCR_RFP序号1X20_10.tif,肿瘤SK类皮下TCR_RFP序号1X20_10.tif,.tif,sy2part123,肿瘤SK类皮下__TCR_RFP__序号1__20x,肿瘤SK类皮下,序号1,TCR_RFP,,20x,10,10,high,sy2_specimen_marker_sequence_magnification,肿瘤SK类皮下,dataset_by_class\肿瘤SK类皮下__TCR_RFP__序号1__20x\肿瘤SK类皮下TCR_RFP序号1X20_10.tif,22.79,2026-03-28T07:15:38.000Z,
E:\data\sy2part123\肿瘤SK类皮下TCR_RFP序号1X20_11.tif,sy2part123\肿瘤SK类皮下TCR_RFP序号1X20_11.tif,肿瘤SK类皮下TCR_RFP序号1X20_11.tif,.tif,sy2part123,肿瘤SK类皮下__TCR_RFP__序号1__20x,肿瘤SK类皮下,序号1,TCR_RFP,,20x,11,11,high,sy2_specimen_marker_sequence_magnification,肿瘤SK类皮下,dataset_by_class\肿瘤SK类皮下__TCR_RFP__序号1__20x\肿瘤SK类皮下TCR_RFP序号1X20_11.tif,26.55,2026-03-28T07:16:02.000Z,
E:\data\sy2part123\肿瘤SK类皮下TCR_RFP序号1X20_12.tif,sy2part123\肿瘤SK类皮下TCR_RFP序号1X20_12.tif,肿瘤SK类皮下TCR_RFP序号1X20_12.tif,.tif,sy2part123,肿瘤SK类皮下__TCR_RFP__序号1__20x,肿瘤SK类皮下,序号1,TCR_RFP,,20x,12,12,high,sy2_specimen_marker_sequence_magnification,肿瘤SK类皮下,dataset_by_class\肿瘤SK类皮下__TCR_RFP__序号1__20x\肿瘤SK类皮下TCR_RFP序号1X20_12.tif,24.83,2026-03-28T07:16:14.000Z,
E:\data\sy2part123\肿瘤SK类皮下TCR_RFP序号1X20_13.tif,sy2part123\肿瘤SK类皮下TCR_RFP序号1X20_13.tif,肿瘤SK类皮下TCR_RFP序号1X20_13.tif,.tif,sy2part123,肿瘤SK类皮下__TCR_RFP__序号1__20x,肿瘤SK类皮下,序号1,TCR_RFP,,20x,13,13,high,sy2_specimen_marker_sequence_magnification,肿瘤SK类皮下,dataset_by_class\肿瘤SK类皮下__TCR_RFP__序号1__20x\肿瘤SK类皮下TCR_RFP序号1X20_13.tif,23.1,2026-03-28T07:16:28.000Z,
E:\data\sy2part123\肿瘤SK类皮下TCR_RFP序号1X20_14.tif,sy2part123\肿瘤SK类皮下TCR_RFP序号1X20_14.tif,肿瘤SK类皮下TCR_RFP序号1X20_14.tif,.tif,sy2part123,肿瘤SK类皮下__TCR_RFP__序号1__20x,肿瘤SK类皮下,序号1,TCR_RFP,,20x,14,14,high,sy2_specimen_marker_sequence_magnification,肿瘤SK类皮下,dataset_by_class\肿瘤SK类皮下__TCR_RFP__序号1__20x\肿瘤SK类皮下TCR_RFP序号1X20_14.tif,24.88,2026-03-28T07:16:52.000Z,
E:\data\sy2part123\肿瘤SK类皮下TCR_RFP序号1X20_15.tif,sy2part123\肿瘤SK类皮下TCR_RFP序号1X20_15.tif,肿瘤SK类皮下TCR_RFP序号1X20_15.tif,.tif,sy2part123,肿瘤SK类皮下__TCR_RFP__序号1__20x,肿瘤SK类皮下,序号1,TCR_RFP,,20x,15,15,high,sy2_specimen_marker_sequence_magnification,肿瘤SK类皮下,dataset_by_class\肿瘤SK类皮下__TCR_RFP__序号1__20x\肿瘤SK类皮下TCR_RFP序号1X20_15.tif,26.16,2026-03-28T07:17:04.000Z,
E:\data\sy2part123\肿瘤SK类皮下TCR_RFP序号1X20_16.tif,sy2part123\肿瘤SK类皮下TCR_RFP序号1X20_16.tif,肿瘤SK类皮下TCR_RFP序号1X20_16.tif,.tif,sy2part123,肿瘤SK类皮下__TCR_RFP__序号1__20x,肿瘤SK类皮下,序号1,TCR_RFP,,20x,16,16,high,sy2_specimen_marker_sequence_magnification,肿瘤SK类皮下,dataset_by_class\肿瘤SK类皮下__TCR_RFP__序号1__20x\肿瘤SK类皮下TCR_RFP序号1X20_16.tif,25.06,2026-03-28T07:17:16.000Z,
E:\data\sy2part123\肿瘤SK类皮下TCR_RFP序号1X20_17.tif,sy2part123\肿瘤SK类皮下TCR_RFP序号1X20_17.tif,肿瘤SK类皮下TCR_RFP序号1X20_17.tif,.tif,sy2part123,肿瘤SK类皮下__TCR_RFP__序号1__20x,肿瘤SK类皮下,序号1,TCR_RFP,,20x,17,17,high,sy2_specimen_marker_sequence_magnification,肿瘤SK类皮下,dataset_by_class\肿瘤SK类皮下__TCR_RFP__序号1__20x\肿瘤SK类皮下TCR_RFP序号1X20_17.tif,23.31,2026-03-28T07:17:30.000Z,
E:\data\sy2part123\肿瘤SK类皮下TCR_RFP序号1X20_18.tif,sy2part123\肿瘤SK类皮下TCR_RFP序号1X20_18.tif,肿瘤SK类皮下TCR_RFP序号1X20_18.tif,.tif,sy2part123,肿瘤SK类皮下__TCR_RFP__序号1__20x,肿瘤SK类皮下,序号1,TCR_RFP,,20x,18,18,high,sy2_specimen_marker_sequence_magnification,肿瘤SK类皮下,dataset_by_class\肿瘤SK类皮下__TCR_RFP__序号1__20x\肿瘤SK类皮下TCR_RFP序号1X20_18.tif,24.98,2026-03-28T07:17:48.000Z,
E:\data\sy2part123\肿瘤SK类皮下TCR_RFP序号1X20_19.tif,sy2part123\肿瘤SK类皮下TCR_RFP序号1X20_19.tif,肿瘤SK类皮下TCR_RFP序号1X20_19.tif,.tif,sy2part123,肿瘤SK类皮下__TCR_RFP__序号1__20x,肿瘤SK类皮下,序号1,TCR_RFP,,20x,19,19,high,sy2_specimen_marker_sequence_magnification,肿瘤SK类皮下,dataset_by_class\肿瘤SK类皮下__TCR_RFP__序号1__20x\肿瘤SK类皮下TCR_RFP序号1X20_19.tif,26.76,2026-03-28T07:18:04.000Z,
E:\data\sy2part123\肿瘤SK类皮下TCR_RFP序号1X20_2.tif,sy2part123\肿瘤SK类皮下TCR_RFP序号1X20_2.tif,肿瘤SK类皮下TCR_RFP序号1X20_2.tif,.tif,sy2part123,肿瘤SK类皮下__TCR_RFP__序号1__20x,肿瘤SK类皮下,序号1,TCR_RFP,,20x,2,2,high,sy2_specimen_marker_sequence_magnification,肿瘤SK类皮下,dataset_by_class\肿瘤SK类皮下__TCR_RFP__序号1__20x\肿瘤SK类皮下TCR_RFP序号1X20_2.tif,24.5,2026-03-28T07:13:34.000Z,
E:\data\sy2part123\肿瘤SK类皮下TCR_RFP序号1X20_20.tif,sy2part123\肿瘤SK类皮下TCR_RFP序号1X20_20.tif,肿瘤SK类皮下TCR_RFP序号1X20_20.tif,.tif,sy2part123,肿瘤SK类皮下__TCR_RFP__序号1__20x,肿瘤SK类皮下,序号1,TCR_RFP,,20x,20,20,high,sy2_specimen_marker_sequence_magnification,肿瘤SK类皮下,dataset_by_class\肿瘤SK类皮下__TCR_RFP__序号1__20x\肿瘤SK类皮下TCR_RFP序号1X20_20.tif,25.14,2026-03-28T07:18:26.000Z,
E:\data\sy2part123\肿瘤SK类皮下TCR_RFP序号1X20_3.tif,sy2part123\肿瘤SK类皮下TCR_RFP序号1X20_3.tif,肿瘤SK类皮下TCR_RFP序号1X20_3.tif,.tif,sy2part123,肿瘤SK类皮下__TCR_RFP__序号1__20x,肿瘤SK类皮下,序号1,TCR_RFP,,20x,3,3,high,sy2_specimen_marker_sequence_magnification,肿瘤SK类皮下,dataset_by_class\肿瘤SK类皮下__TCR_RFP__序号1__20x\肿瘤SK类皮下TCR_RFP序号1X20_3.tif,23.57,2026-03-28T07:13:48.000Z,
E:\data\sy2part123\肿瘤SK类皮下TCR_RFP序号1X20_4.tif,sy2part123\肿瘤SK类皮下TCR_RFP序号1X20_4.tif,肿瘤SK类皮下TCR_RFP序号1X20_4.tif,.tif,sy2part123,肿瘤SK类皮下__TCR_RFP__序号1__20x,肿瘤SK类皮下,序号1,TCR_RFP,,20x,4,4,high,sy2_specimen_marker_sequence_magnification,肿瘤SK类皮下,dataset_by_class\肿瘤SK类皮下__TCR_RFP__序号1__20x\肿瘤SK类皮下TCR_RFP序号1X20_4.tif,27.19,2026-03-28T07:14:00.000Z,
E:\data\sy2part123\肿瘤SK类皮下TCR_RFP序号1X20_5.tif,sy2part123\肿瘤SK类皮下TCR_RFP序号1X20_5.tif,肿瘤SK类皮下TCR_RFP序号1X20_5.tif,.tif,sy2part123,肿瘤SK类皮下__TCR_RFP__序号1__20x,肿瘤SK类皮下,序号1,TCR_RFP,,20x,5,5,high,sy2_specimen_marker_sequence_magnification,肿瘤SK类皮下,dataset_by_class\肿瘤SK类皮下__TCR_RFP__序号1__20x\肿瘤SK类皮下TCR_RFP序号1X20_5.tif,26.39,2026-03-28T07:14:14.000Z,
E:\data\sy2part123\肿瘤SK类皮下TCR_RFP序号1X20_6.tif,sy2part123\肿瘤SK类皮下TCR_RFP序号1X20_6.tif,肿瘤SK类皮下TCR_RFP序号1X20_6.tif,.tif,sy2part123,肿瘤SK类皮下__TCR_RFP__序号1__20x,肿瘤SK类皮下,序号1,TCR_RFP,,20x,6,6,high,sy2_specimen_marker_sequence_magnification,肿瘤SK类皮下,dataset_by_class\肿瘤SK类皮下__TCR_RFP__序号1__20x\肿瘤SK类皮下TCR_RFP序号1X20_6.tif,25.89,2026-03-28T07:14:26.000Z,
E:\data\sy2part123\肿瘤SK类皮下TCR_RFP序号1X20_7.tif,sy2part123\肿瘤SK类皮下TCR_RFP序号1X20_7.tif,肿瘤SK类皮下TCR_RFP序号1X20_7.tif,.tif,sy2part123,肿瘤SK类皮下__TCR_RFP__序号1__20x,肿瘤SK类皮下,序号1,TCR_RFP,,20x,7,7,high,sy2_specimen_marker_sequence_magnification,肿瘤SK类皮下,dataset_by_class\肿瘤SK类皮下__TCR_RFP__序号1__20x\肿瘤SK类皮下TCR_RFP序号1X20_7.tif,24.05,2026-03-28T07:14:54.000Z,
E:\data\sy2part123\肿瘤SK类皮下TCR_RFP序号1X20_8.tif,sy2part123\肿瘤SK类皮下TCR_RFP序号1X20_8.tif,肿瘤SK类皮下TCR_RFP序号1X20_8.tif,.tif,sy2part123,肿瘤SK类皮下__TCR_RFP__序号1__20x,肿瘤SK类皮下,序号1,TCR_RFP,,20x,8,8,high,sy2_specimen_marker_sequence_magnification,肿瘤SK类皮下,dataset_by_class\肿瘤SK类皮下__TCR_RFP__序号1__20x\肿瘤SK类皮下TCR_RFP序号1X20_8.tif,27.09,2026-03-28T07:15:08.000Z,
E:\data\sy2part123\肿瘤SK类皮下TCR_RFP序号1X20_9.tif,sy2part123\肿瘤SK类皮下TCR_RFP序号1X20_9.tif,肿瘤SK类皮下TCR_RFP序号1X20_9.tif,.tif,sy2part123,肿瘤SK类皮下__TCR_RFP__序号1__20x,肿瘤SK类皮下,序号1,TCR_RFP,,20x,9,9,high,sy2_specimen_marker_sequence_magnification,肿瘤SK类皮下,dataset_by_class\肿瘤SK类皮下__TCR_RFP__序号1__20x\肿瘤SK类皮下TCR_RFP序号1X20_9.tif,25.08,2026-03-28T07:15:22.000Z,
E:\data\sy2part123\肿瘤sk类皮下TCR-REF3X20_1.tif,sy2part123\肿瘤sk类皮下TCR-REF3X20_1.tif,肿瘤sk类皮下TCR-REF3X20_1.tif,.tif,sy2part123,肿瘤sk类皮下__TCR_REF__序号3__20x,肿瘤sk类皮下,序号3,TCR_REF,,20x,1,1,high,sy2_specimen_marker_sequence_magnification,肿瘤sk类皮下,dataset_by_class\肿瘤sk类皮下__TCR_REF__序号3__20x\肿瘤sk类皮下TCR-REF3X20_1.tif,24.82,2026-03-28T06:50:08.000Z,
E:\data\sy2part123\肿瘤sk类皮下TCR-REF3X20_10.tif,sy2part123\肿瘤sk类皮下TCR-REF3X20_10.tif,肿瘤sk类皮下TCR-REF3X20_10.tif,.tif,sy2part123,肿瘤sk类皮下__TCR_REF__序号3__20x,肿瘤sk类皮下,序号3,TCR_REF,,20x,10,10,high,sy2_specimen_marker_sequence_magnification,肿瘤sk类皮下,dataset_by_class\肿瘤sk类皮下__TCR_REF__序号3__20x\肿瘤sk类皮下TCR-REF3X20_10.tif,27.2,2026-03-28T06:53:42.000Z,
E:\data\sy2part123\肿瘤sk类皮下TCR-REF3X20_11.tif,sy2part123\肿瘤sk类皮下TCR-REF3X20_11.tif,肿瘤sk类皮下TCR-REF3X20_11.tif,.tif,sy2part123,肿瘤sk类皮下__TCR_REF__序号3__20x,肿瘤sk类皮下,序号3,TCR_REF,,20x,11,11,high,sy2_specimen_marker_sequence_magnification,肿瘤sk类皮下,dataset_by_class\肿瘤sk类皮下__TCR_REF__序号3__20x\肿瘤sk类皮下TCR-REF3X20_11.tif,27.15,2026-03-28T06:54:28.000Z,
E:\data\sy2part123\肿瘤sk类皮下TCR-REF3X20_12.tif,sy2part123\肿瘤sk类皮下TCR-REF3X20_12.tif,肿瘤sk类皮下TCR-REF3X20_12.tif,.tif,sy2part123,肿瘤sk类皮下__TCR_REF__序号3__20x,肿瘤sk类皮下,序号3,TCR_REF,,20x,12,12,high,sy2_specimen_marker_sequence_magnification,肿瘤sk类皮下,dataset_by_class\肿瘤sk类皮下__TCR_REF__序号3__20x\肿瘤sk类皮下TCR-REF3X20_12.tif,26.76,2026-03-28T06:54:44.000Z,
E:\data\sy2part123\肿瘤sk类皮下TCR-REF3X20_13.tif,sy2part123\肿瘤sk类皮下TCR-REF3X20_13.tif,肿瘤sk类皮下TCR-REF3X20_13.tif,.tif,sy2part123,肿瘤sk类皮下__TCR_REF__序号3__20x,肿瘤sk类皮下,序号3,TCR_REF,,20x,13,13,high,sy2_specimen_marker_sequence_magnification,肿瘤sk类皮下,dataset_by_class\肿瘤sk类皮下__TCR_REF__序号3__20x\肿瘤sk类皮下TCR-REF3X20_13.tif,26.43,2026-03-28T06:54:58.000Z,
E:\data\sy2part123\肿瘤sk类皮下TCR-REF3X20_14.tif,sy2part123\肿瘤sk类皮下TCR-REF3X20_14.tif,肿瘤sk类皮下TCR-REF3X20_14.tif,.tif,sy2part123,肿瘤sk类皮下__TCR_REF__序号3__20x,肿瘤sk类皮下,序号3,TCR_REF,,20x,14,14,high,sy2_specimen_marker_sequence_magnification,肿瘤sk类皮下,dataset_by_class\肿瘤sk类皮下__TCR_REF__序号3__20x\肿瘤sk类皮下TCR-REF3X20_14.tif,27.03,2026-03-28T06:55:16.000Z,
E:\data\sy2part123\肿瘤sk类皮下TCR-REF3X20_15.tif,sy2part123\肿瘤sk类皮下TCR-REF3X20_15.tif,肿瘤sk类皮下TCR-REF3X20_15.tif,.tif,sy2part123,肿瘤sk类皮下__TCR_REF__序号3__20x,肿瘤sk类皮下,序号3,TCR_REF,,20x,15,15,high,sy2_specimen_marker_sequence_magnification,肿瘤sk类皮下,dataset_by_class\肿瘤sk类皮下__TCR_REF__序号3__20x\肿瘤sk类皮下TCR-REF3X20_15.tif,26.58,2026-03-28T06:55:32.000Z,
E:\data\sy2part123\肿瘤sk类皮下TCR-REF3X20_16.tif,sy2part123\肿瘤sk类皮下TCR-REF3X20_16.tif,肿瘤sk类皮下TCR-REF3X20_16.tif,.tif,sy2part123,肿瘤sk类皮下__TCR_REF__序号3__20x,肿瘤sk类皮下,序号3,TCR_REF,,20x,16,16,high,sy2_specimen_marker_sequence_magnification,肿瘤sk类皮下,dataset_by_class\肿瘤sk类皮下__TCR_REF__序号3__20x\肿瘤sk类皮下TCR-REF3X20_16.tif,27.11,2026-03-28T06:55:48.000Z,
E:\data\sy2part123\肿瘤sk类皮下TCR-REF3X20_17.tif,sy2part123\肿瘤sk类皮下TCR-REF3X20_17.tif,肿瘤sk类皮下TCR-REF3X20_17.tif,.tif,sy2part123,肿瘤sk类皮下__TCR_REF__序号3__20x,肿瘤sk类皮下,序号3,TCR_REF,,20x,17,17,high,sy2_specimen_marker_sequence_magnification,肿瘤sk类皮下,dataset_by_class\肿瘤sk类皮下__TCR_REF__序号3__20x\肿瘤sk类皮下TCR-REF3X20_17.tif,26.27,2026-03-28T06:56:16.000Z,
E:\data\sy2part123\肿瘤sk类皮下TCR-REF3X20_18.tif,sy2part123\肿瘤sk类皮下TCR-REF3X20_18.tif,肿瘤sk类皮下TCR-REF3X20_18.tif,.tif,sy2part123,肿瘤sk类皮下__TCR_REF__序号3__20x,肿瘤sk类皮下,序号3,TCR_REF,,20x,18,18,high,sy2_specimen_marker_sequence_magnification,肿瘤sk类皮下,dataset_by_class\肿瘤sk类皮下__TCR_REF__序号3__20x\肿瘤sk类皮下TCR-REF3X20_18.tif,26.21,2026-03-28T06:56:32.000Z,
E:\data\sy2part123\肿瘤sk类皮下TCR-REF3X20_19.tif,sy2part123\肿瘤sk类皮下TCR-REF3X20_19.tif,肿瘤sk类皮下TCR-REF3X20_19.tif,.tif,sy2part123,肿瘤sk类皮下__TCR_REF__序号3__20x,肿瘤sk类皮下,序号3,TCR_REF,,20x,19,19,high,sy2_specimen_marker_sequence_magnification,肿瘤sk类皮下,dataset_by_class\肿瘤sk类皮下__TCR_REF__序号3__20x\肿瘤sk类皮下TCR-REF3X20_19.tif,25.15,2026-03-28T06:56:54.000Z,
E:\data\sy2part123\肿瘤sk类皮下TCR-REF3X20_2.tif,sy2part123\肿瘤sk类皮下TCR-REF3X20_2.tif,肿瘤sk类皮下TCR-REF3X20_2.tif,.tif,sy2part123,肿瘤sk类皮下__TCR_REF__序号3__20x,肿瘤sk类皮下,序号3,TCR_REF,,20x,2,2,high,sy2_specimen_marker_sequence_magnification,肿瘤sk类皮下,dataset_by_class\肿瘤sk类皮下__TCR_REF__序号3__20x\肿瘤sk类皮下TCR-REF3X20_2.tif,27.19,2026-03-28T06:51:02.000Z,
E:\data\sy2part123\肿瘤sk类皮下TCR-REF3X20_20.tif,sy2part123\肿瘤sk类皮下TCR-REF3X20_20.tif,肿瘤sk类皮下TCR-REF3X20_20.tif,.tif,sy2part123,肿瘤sk类皮下__TCR_REF__序号3__20x,肿瘤sk类皮下,序号3,TCR_REF,,20x,20,20,high,sy2_specimen_marker_sequence_magnification,肿瘤sk类皮下,dataset_by_class\肿瘤sk类皮下__TCR_REF__序号3__20x\肿瘤sk类皮下TCR-REF3X20_20.tif,25.28,2026-03-28T06:57:10.000Z,
E:\data\sy2part123\肿瘤sk类皮下TCR-REF3X20_3.tif,sy2part123\肿瘤sk类皮下TCR-REF3X20_3.tif,肿瘤sk类皮下TCR-REF3X20_3.tif,.tif,sy2part123,肿瘤sk类皮下__TCR_REF__序号3__20x,肿瘤sk类皮下,序号3,TCR_REF,,20x,3,3,high,sy2_specimen_marker_sequence_magnification,肿瘤sk类皮下,dataset_by_class\肿瘤sk类皮下__TCR_REF__序号3__20x\肿瘤sk类皮下TCR-REF3X20_3.tif,27.6,2026-03-28T06:51:28.000Z,
E:\data\sy2part123\肿瘤sk类皮下TCR-REF3X20_4.tif,sy2part123\肿瘤sk类皮下TCR-REF3X20_4.tif,肿瘤sk类皮下TCR-REF3X20_4.tif,.tif,sy2part123,肿瘤sk类皮下__TCR_REF__序号3__20x,肿瘤sk类皮下,序号3,TCR_REF,,20x,4,4,high,sy2_specimen_marker_sequence_magnification,肿瘤sk类皮下,dataset_by_class\肿瘤sk类皮下__TCR_REF__序号3__20x\肿瘤sk类皮下TCR-REF3X20_4.tif,28.32,2026-03-28T06:51:46.000Z,
E:\data\sy2part123\肿瘤sk类皮下TCR-REF3X20_5.tif,sy2part123\肿瘤sk类皮下TCR-REF3X20_5.tif,肿瘤sk类皮下TCR-REF3X20_5.tif,.tif,sy2part123,肿瘤sk类皮下__TCR_REF__序号3__20x,肿瘤sk类皮下,序号3,TCR_REF,,20x,5,5,high,sy2_specimen_marker_sequence_magnification,肿瘤sk类皮下,dataset_by_class\肿瘤sk类皮下__TCR_REF__序号3__20x\肿瘤sk类皮下TCR-REF3X20_5.tif,27.08,2026-03-28T06:52:02.000Z,
E:\data\sy2part123\肿瘤sk类皮下TCR-REF3X20_6.tif,sy2part123\肿瘤sk类皮下TCR-REF3X20_6.tif,肿瘤sk类皮下TCR-REF3X20_6.tif,.tif,sy2part123,肿瘤sk类皮下__TCR_REF__序号3__20x,肿瘤sk类皮下,序号3,TCR_REF,,20x,6,6,high,sy2_specimen_marker_sequence_magnification,肿瘤sk类皮下,dataset_by_class\肿瘤sk类皮下__TCR_REF__序号3__20x\肿瘤sk类皮下TCR-REF3X20_6.tif,25.01,2026-03-28T06:52:18.000Z,
E:\data\sy2part123\肿瘤sk类皮下TCR-REF3X20_7.tif,sy2part123\肿瘤sk类皮下TCR-REF3X20_7.tif,肿瘤sk类皮下TCR-REF3X20_7.tif,.tif,sy2part123,肿瘤sk类皮下__TCR_REF__序号3__20x,肿瘤sk类皮下,序号3,TCR_REF,,20x,7,7,high,sy2_specimen_marker_sequence_magnification,肿瘤sk类皮下,dataset_by_class\肿瘤sk类皮下__TCR_REF__序号3__20x\肿瘤sk类皮下TCR-REF3X20_7.tif,25.68,2026-03-28T06:52:38.000Z,
E:\data\sy2part123\肿瘤sk类皮下TCR-REF3X20_8.tif,sy2part123\肿瘤sk类皮下TCR-REF3X20_8.tif,肿瘤sk类皮下TCR-REF3X20_8.tif,.tif,sy2part123,肿瘤sk类皮下__TCR_REF__序号3__20x,肿瘤sk类皮下,序号3,TCR_REF,,20x,8,8,high,sy2_specimen_marker_sequence_magnification,肿瘤sk类皮下,dataset_by_class\肿瘤sk类皮下__TCR_REF__序号3__20x\肿瘤sk类皮下TCR-REF3X20_8.tif,25.91,2026-03-28T06:52:52.000Z,
E:\data\sy2part123\肿瘤sk类皮下TCR-REF3X20_9.tif,sy2part123\肿瘤sk类皮下TCR-REF3X20_9.tif,肿瘤sk类皮下TCR-REF3X20_9.tif,.tif,sy2part123,肿瘤sk类皮下__TCR_REF__序号3__20x,肿瘤sk类皮下,序号3,TCR_REF,,20x,9,9,high,sy2_specimen_marker_sequence_magnification,肿瘤sk类皮下,dataset_by_class\肿瘤sk类皮下__TCR_REF__序号3__20x\肿瘤sk类皮下TCR-REF3X20_9.tif,27.3,2026-03-28T06:53:06.000Z,
E:\data\sy2part123\肿瘤SK类皮下TCRRFP序号2X20_1.tif,sy2part123\肿瘤SK类皮下TCRRFP序号2X20_1.tif,肿瘤SK类皮下TCRRFP序号2X20_1.tif,.tif,sy2part123,肿瘤SK类皮下__TCR_RFP__序号2__20x,肿瘤SK类皮下,序号2,TCR_RFP,,20x,1,1,high,sy2_specimen_marker_sequence_magnification,肿瘤SK类皮下,dataset_by_class\肿瘤SK类皮下__TCR_RFP__序号2__20x\肿瘤SK类皮下TCRRFP序号2X20_1.tif,26.42,2026-03-28T07:31:00.000Z,
E:\data\sy2part123\肿瘤SK类皮下TCRRFP序号2X20_10.tif,sy2part123\肿瘤SK类皮下TCRRFP序号2X20_10.tif,肿瘤SK类皮下TCRRFP序号2X20_10.tif,.tif,sy2part123,肿瘤SK类皮下__TCR_RFP__序号2__20x,肿瘤SK类皮下,序号2,TCR_RFP,,20x,10,10,high,sy2_specimen_marker_sequence_magnification,肿瘤SK类皮下,dataset_by_class\肿瘤SK类皮下__TCR_RFP__序号2__20x\肿瘤SK类皮下TCRRFP序号2X20_10.tif,26.35,2026-03-28T07:33:04.000Z,
E:\data\sy2part123\肿瘤SK类皮下TCRRFP序号2X20_11.tif,sy2part123\肿瘤SK类皮下TCRRFP序号2X20_11.tif,肿瘤SK类皮下TCRRFP序号2X20_11.tif,.tif,sy2part123,肿瘤SK类皮下__TCR_RFP__序号2__20x,肿瘤SK类皮下,序号2,TCR_RFP,,20x,11,11,high,sy2_specimen_marker_sequence_magnification,肿瘤SK类皮下,dataset_by_class\肿瘤SK类皮下__TCR_RFP__序号2__20x\肿瘤SK类皮下TCRRFP序号2X20_11.tif,26.18,2026-03-28T07:33:16.000Z,
E:\data\sy2part123\肿瘤SK类皮下TCRRFP序号2X20_12.tif,sy2part123\肿瘤SK类皮下TCRRFP序号2X20_12.tif,肿瘤SK类皮下TCRRFP序号2X20_12.tif,.tif,sy2part123,肿瘤SK类皮下__TCR_RFP__序号2__20x,肿瘤SK类皮下,序号2,TCR_RFP,,20x,12,12,high,sy2_specimen_marker_sequence_magnification,肿瘤SK类皮下,dataset_by_class\肿瘤SK类皮下__TCR_RFP__序号2__20x\肿瘤SK类皮下TCRRFP序号2X20_12.tif,25.01,2026-03-28T07:33:26.000Z,
E:\data\sy2part123\肿瘤SK类皮下TCRRFP序号2X20_13.tif,sy2part123\肿瘤SK类皮下TCRRFP序号2X20_13.tif,肿瘤SK类皮下TCRRFP序号2X20_13.tif,.tif,sy2part123,肿瘤SK类皮下__TCR_RFP__序号2__20x,肿瘤SK类皮下,序号2,TCR_RFP,,20x,13,13,high,sy2_specimen_marker_sequence_magnification,肿瘤SK类皮下,dataset_by_class\肿瘤SK类皮下__TCR_RFP__序号2__20x\肿瘤SK类皮下TCRRFP序号2X20_13.tif,25.95,2026-03-28T07:33:38.000Z,
E:\data\sy2part123\肿瘤SK类皮下TCRRFP序号2X20_14.tif,sy2part123\肿瘤SK类皮下TCRRFP序号2X20_14.tif,肿瘤SK类皮下TCRRFP序号2X20_14.tif,.tif,sy2part123,肿瘤SK类皮下__TCR_RFP__序号2__20x,肿瘤SK类皮下,序号2,TCR_RFP,,20x,14,14,high,sy2_specimen_marker_sequence_magnification,肿瘤SK类皮下,dataset_by_class\肿瘤SK类皮下__TCR_RFP__序号2__20x\肿瘤SK类皮下TCRRFP序号2X20_14.tif,26.37,2026-03-28T07:33:50.000Z,
E:\data\sy2part123\肿瘤SK类皮下TCRRFP序号2X20_15.tif,sy2part123\肿瘤SK类皮下TCRRFP序号2X20_15.tif,肿瘤SK类皮下TCRRFP序号2X20_15.tif,.tif,sy2part123,肿瘤SK类皮下__TCR_RFP__序号2__20x,肿瘤SK类皮下,序号2,TCR_RFP,,20x,15,15,high,sy2_specimen_marker_sequence_magnification,肿瘤SK类皮下,dataset_by_class\肿瘤SK类皮下__TCR_RFP__序号2__20x\肿瘤SK类皮下TCRRFP序号2X20_15.tif,26.43,2026-03-28T07:34:04.000Z,
E:\data\sy2part123\肿瘤SK类皮下TCRRFP序号2X20_16.tif,sy2part123\肿瘤SK类皮下TCRRFP序号2X20_16.tif,肿瘤SK类皮下TCRRFP序号2X20_16.tif,.tif,sy2part123,肿瘤SK类皮下__TCR_RFP__序号2__20x,肿瘤SK类皮下,序号2,TCR_RFP,,20x,16,16,high,sy2_specimen_marker_sequence_magnification,肿瘤SK类皮下,dataset_by_class\肿瘤SK类皮下__TCR_RFP__序号2__20x\肿瘤SK类皮下TCRRFP序号2X20_16.tif,26.6,2026-03-28T07:34:14.000Z,
E:\data\sy2part123\肿瘤SK类皮下TCRRFP序号2X20_17.tif,sy2part123\肿瘤SK类皮下TCRRFP序号2X20_17.tif,肿瘤SK类皮下TCRRFP序号2X20_17.tif,.tif,sy2part123,肿瘤SK类皮下__TCR_RFP__序号2__20x,肿瘤SK类皮下,序号2,TCR_RFP,,20x,17,17,high,sy2_specimen_marker_sequence_magnification,肿瘤SK类皮下,dataset_by_class\肿瘤SK类皮下__TCR_RFP__序号2__20x\肿瘤SK类皮下TCRRFP序号2X20_17.tif,27.63,2026-03-28T07:34:38.000Z,
E:\data\sy2part123\肿瘤SK类皮下TCRRFP序号2X20_18.tif,sy2part123\肿瘤SK类皮下TCRRFP序号2X20_18.tif,肿瘤SK类皮下TCRRFP序号2X20_18.tif,.tif,sy2part123,肿瘤SK类皮下__TCR_RFP__序号2__20x,肿瘤SK类皮下,序号2,TCR_RFP,,20x,18,18,high,sy2_specimen_marker_sequence_magnification,肿瘤SK类皮下,dataset_by_class\肿瘤SK类皮下__TCR_RFP__序号2__20x\肿瘤SK类皮下TCRRFP序号2X20_18.tif,25.96,2026-03-28T07:34:48.000Z,
E:\data\sy2part123\肿瘤SK类皮下TCRRFP序号2X20_19.tif,sy2part123\肿瘤SK类皮下TCRRFP序号2X20_19.tif,肿瘤SK类皮下TCRRFP序号2X20_19.tif,.tif,sy2part123,肿瘤SK类皮下__TCR_RFP__序号2__20x,肿瘤SK类皮下,序号2,TCR_RFP,,20x,19,19,high,sy2_specimen_marker_sequence_magnification,肿瘤SK类皮下,dataset_by_class\肿瘤SK类皮下__TCR_RFP__序号2__20x\肿瘤SK类皮下TCRRFP序号2X20_19.tif,25.95,2026-03-28T07:34:58.000Z,
E:\data\sy2part123\肿瘤SK类皮下TCRRFP序号2X20_2.tif,sy2part123\肿瘤SK类皮下TCRRFP序号2X20_2.tif,肿瘤SK类皮下TCRRFP序号2X20_2.tif,.tif,sy2part123,肿瘤SK类皮下__TCR_RFP__序号2__20x,肿瘤SK类皮下,序号2,TCR_RFP,,20x,2,2,high,sy2_specimen_marker_sequence_magnification,肿瘤SK类皮下,dataset_by_class\肿瘤SK类皮下__TCR_RFP__序号2__20x\肿瘤SK类皮下TCRRFP序号2X20_2.tif,26.32,2026-03-28T07:31:12.000Z,
E:\data\sy2part123\肿瘤SK类皮下TCRRFP序号2X20_20.tif,sy2part123\肿瘤SK类皮下TCRRFP序号2X20_20.tif,肿瘤SK类皮下TCRRFP序号2X20_20.tif,.tif,sy2part123,肿瘤SK类皮下__TCR_RFP__序号2__20x,肿瘤SK类皮下,序号2,TCR_RFP,,20x,20,20,high,sy2_specimen_marker_sequence_magnification,肿瘤SK类皮下,dataset_by_class\肿瘤SK类皮下__TCR_RFP__序号2__20x\肿瘤SK类皮下TCRRFP序号2X20_20.tif,24.66,2026-03-28T07:35:12.000Z,
E:\data\sy2part123\肿瘤SK类皮下TCRRFP序号2X20_3.tif,sy2part123\肿瘤SK类皮下TCRRFP序号2X20_3.tif,肿瘤SK类皮下TCRRFP序号2X20_3.tif,.tif,sy2part123,肿瘤SK类皮下__TCR_RFP__序号2__20x,肿瘤SK类皮下,序号2,TCR_RFP,,20x,3,3,high,sy2_specimen_marker_sequence_magnification,肿瘤SK类皮下,dataset_by_class\肿瘤SK类皮下__TCR_RFP__序号2__20x\肿瘤SK类皮下TCRRFP序号2X20_3.tif,26.23,2026-03-28T07:31:26.000Z,
E:\data\sy2part123\肿瘤SK类皮下TCRRFP序号2X20_4.tif,sy2part123\肿瘤SK类皮下TCRRFP序号2X20_4.tif,肿瘤SK类皮下TCRRFP序号2X20_4.tif,.tif,sy2part123,肿瘤SK类皮下__TCR_RFP__序号2__20x,肿瘤SK类皮下,序号2,TCR_RFP,,20x,4,4,high,sy2_specimen_marker_sequence_magnification,肿瘤SK类皮下,dataset_by_class\肿瘤SK类皮下__TCR_RFP__序号2__20x\肿瘤SK类皮下TCRRFP序号2X20_4.tif,24.47,2026-03-28T07:31:38.000Z,
E:\data\sy2part123\肿瘤SK类皮下TCRRFP序号2X20_5.tif,sy2part123\肿瘤SK类皮下TCRRFP序号2X20_5.tif,肿瘤SK类皮下TCRRFP序号2X20_5.tif,.tif,sy2part123,肿瘤SK类皮下__TCR_RFP__序号2__20x,肿瘤SK类皮下,序号2,TCR_RFP,,20x,5,5,high,sy2_specimen_marker_sequence_magnification,肿瘤SK类皮下,dataset_by_class\肿瘤SK类皮下__TCR_RFP__序号2__20x\肿瘤SK类皮下TCRRFP序号2X20_5.tif,25.64,2026-03-28T07:31:48.000Z,
E:\data\sy2part123\肿瘤SK类皮下TCRRFP序号2X20_6.tif,sy2part123\肿瘤SK类皮下TCRRFP序号2X20_6.tif,肿瘤SK类皮下TCRRFP序号2X20_6.tif,.tif,sy2part123,肿瘤SK类皮下__TCR_RFP__序号2__20x,肿瘤SK类皮下,序号2,TCR_RFP,,20x,6,6,high,sy2_specimen_marker_sequence_magnification,肿瘤SK类皮下,dataset_by_class\肿瘤SK类皮下__TCR_RFP__序号2__20x\肿瘤SK类皮下TCRRFP序号2X20_6.tif,26.92,2026-03-28T07:32:18.000Z,
E:\data\sy2part123\肿瘤SK类皮下TCRRFP序号2X20_7.tif,sy2part123\肿瘤SK类皮下TCRRFP序号2X20_7.tif,肿瘤SK类皮下TCRRFP序号2X20_7.tif,.tif,sy2part123,肿瘤SK类皮下__TCR_RFP__序号2__20x,肿瘤SK类皮下,序号2,TCR_RFP,,20x,7,7,high,sy2_specimen_marker_sequence_magnification,肿瘤SK类皮下,dataset_by_class\肿瘤SK类皮下__TCR_RFP__序号2__20x\肿瘤SK类皮下TCRRFP序号2X20_7.tif,25.14,2026-03-28T07:32:28.000Z,
E:\data\sy2part123\肿瘤SK类皮下TCRRFP序号2X20_8.tif,sy2part123\肿瘤SK类皮下TCRRFP序号2X20_8.tif,肿瘤SK类皮下TCRRFP序号2X20_8.tif,.tif,sy2part123,肿瘤SK类皮下__TCR_RFP__序号2__20x,肿瘤SK类皮下,序号2,TCR_RFP,,20x,8,8,high,sy2_specimen_marker_sequence_magnification,肿瘤SK类皮下,dataset_by_class\肿瘤SK类皮下__TCR_RFP__序号2__20x\肿瘤SK类皮下TCRRFP序号2X20_8.tif,26.74,2026-03-28T07:32:42.000Z,
E:\data\sy2part123\肿瘤SK类皮下TCRRFP序号2X20_9.tif,sy2part123\肿瘤SK类皮下TCRRFP序号2X20_9.tif,肿瘤SK类皮下TCRRFP序号2X20_9.tif,.tif,sy2part123,肿瘤SK类皮下__TCR_RFP__序号2__20x,肿瘤SK类皮下,序号2,TCR_RFP,,20x,9,9,high,sy2_specimen_marker_sequence_magnification,肿瘤SK类皮下,dataset_by_class\肿瘤SK类皮下__TCR_RFP__序号2__20x\肿瘤SK类皮下TCRRFP序号2X20_9.tif,26.46,2026-03-28T07:32:52.000Z,
E:\data\sy2part123\肿瘤SK类皮下TCRRFP序号4X20_1.tif,sy2part123\肿瘤SK类皮下TCRRFP序号4X20_1.tif,肿瘤SK类皮下TCRRFP序号4X20_1.tif,.tif,sy2part123,肿瘤SK类皮下__TCR_RFP__序号4__20x,肿瘤SK类皮下,序号4,TCR_RFP,,20x,1,1,high,sy2_specimen_marker_sequence_magnification,肿瘤SK类皮下,dataset_by_class\肿瘤SK类皮下__TCR_RFP__序号4__20x\肿瘤SK类皮下TCRRFP序号4X20_1.tif,25.04,2026-03-28T07:36:14.000Z,
E:\data\sy2part123\肿瘤SK类皮下TCRRFP序号4X20_10.tif,sy2part123\肿瘤SK类皮下TCRRFP序号4X20_10.tif,肿瘤SK类皮下TCRRFP序号4X20_10.tif,.tif,sy2part123,肿瘤SK类皮下__TCR_RFP__序号4__20x,肿瘤SK类皮下,序号4,TCR_RFP,,20x,10,10,high,sy2_specimen_marker_sequence_magnification,肿瘤SK类皮下,dataset_by_class\肿瘤SK类皮下__TCR_RFP__序号4__20x\肿瘤SK类皮下TCRRFP序号4X20_10.tif,25.43,2026-03-28T07:38:04.000Z,
E:\data\sy2part123\肿瘤SK类皮下TCRRFP序号4X20_11.tif,sy2part123\肿瘤SK类皮下TCRRFP序号4X20_11.tif,肿瘤SK类皮下TCRRFP序号4X20_11.tif,.tif,sy2part123,肿瘤SK类皮下__TCR_RFP__序号4__20x,肿瘤SK类皮下,序号4,TCR_RFP,,20x,11,11,high,sy2_specimen_marker_sequence_magnification,肿瘤SK类皮下,dataset_by_class\肿瘤SK类皮下__TCR_RFP__序号4__20x\肿瘤SK类皮下TCRRFP序号4X20_11.tif,25.73,2026-03-28T07:38:30.000Z,
E:\data\sy2part123\肿瘤SK类皮下TCRRFP序号4X20_12.tif,sy2part123\肿瘤SK类皮下TCRRFP序号4X20_12.tif,肿瘤SK类皮下TCRRFP序号4X20_12.tif,.tif,sy2part123,肿瘤SK类皮下__TCR_RFP__序号4__20x,肿瘤SK类皮下,序号4,TCR_RFP,,20x,12,12,high,sy2_specimen_marker_sequence_magnification,肿瘤SK类皮下,dataset_by_class\肿瘤SK类皮下__TCR_RFP__序号4__20x\肿瘤SK类皮下TCRRFP序号4X20_12.tif,26.31,2026-03-28T07:38:42.000Z,
E:\data\sy2part123\肿瘤SK类皮下TCRRFP序号4X20_13.tif,sy2part123\肿瘤SK类皮下TCRRFP序号4X20_13.tif,肿瘤SK类皮下TCRRFP序号4X20_13.tif,.tif,sy2part123,肿瘤SK类皮下__TCR_RFP__序号4__20x,肿瘤SK类皮下,序号4,TCR_RFP,,20x,13,13,high,sy2_specimen_marker_sequence_magnification,肿瘤SK类皮下,dataset_by_class\肿瘤SK类皮下__TCR_RFP__序号4__20x\肿瘤SK类皮下TCRRFP序号4X20_13.tif,25.76,2026-03-28T07:38:52.000Z,
E:\data\sy2part123\肿瘤SK类皮下TCRRFP序号4X20_14.tif,sy2part123\肿瘤SK类皮下TCRRFP序号4X20_14.tif,肿瘤SK类皮下TCRRFP序号4X20_14.tif,.tif,sy2part123,肿瘤SK类皮下__TCR_RFP__序号4__20x,肿瘤SK类皮下,序号4,TCR_RFP,,20x,14,14,high,sy2_specimen_marker_sequence_magnification,肿瘤SK类皮下,dataset_by_class\肿瘤SK类皮下__TCR_RFP__序号4__20x\肿瘤SK类皮下TCRRFP序号4X20_14.tif,24.92,2026-03-28T07:39:06.000Z,
E:\data\sy2part123\肿瘤SK类皮下TCRRFP序号4X20_15.tif,sy2part123\肿瘤SK类皮下TCRRFP序号4X20_15.tif,肿瘤SK类皮下TCRRFP序号4X20_15.tif,.tif,sy2part123,肿瘤SK类皮下__TCR_RFP__序号4__20x,肿瘤SK类皮下,序号4,TCR_RFP,,20x,15,15,high,sy2_specimen_marker_sequence_magnification,肿瘤SK类皮下,dataset_by_class\肿瘤SK类皮下__TCR_RFP__序号4__20x\肿瘤SK类皮下TCRRFP序号4X20_15.tif,24.25,2026-03-28T07:39:18.000Z,
E:\data\sy2part123\肿瘤SK类皮下TCRRFP序号4X20_16.tif,sy2part123\肿瘤SK类皮下TCRRFP序号4X20_16.tif,肿瘤SK类皮下TCRRFP序号4X20_16.tif,.tif,sy2part123,肿瘤SK类皮下__TCR_RFP__序号4__20x,肿瘤SK类皮下,序号4,TCR_RFP,,20x,16,16,high,sy2_specimen_marker_sequence_magnification,肿瘤SK类皮下,dataset_by_class\肿瘤SK类皮下__TCR_RFP__序号4__20x\肿瘤SK类皮下TCRRFP序号4X20_16.tif,25.06,2026-03-28T07:39:34.000Z,
E:\data\sy2part123\肿瘤SK类皮下TCRRFP序号4X20_17.tif,sy2part123\肿瘤SK类皮下TCRRFP序号4X20_17.tif,肿瘤SK类皮下TCRRFP序号4X20_17.tif,.tif,sy2part123,肿瘤SK类皮下__TCR_RFP__序号4__20x,肿瘤SK类皮下,序号4,TCR_RFP,,20x,17,17,high,sy2_specimen_marker_sequence_magnification,肿瘤SK类皮下,dataset_by_class\肿瘤SK类皮下__TCR_RFP__序号4__20x\肿瘤SK类皮下TCRRFP序号4X20_17.tif,26.49,2026-03-28T07:39:44.000Z,
E:\data\sy2part123\肿瘤SK类皮下TCRRFP序号4X20_18.tif,sy2part123\肿瘤SK类皮下TCRRFP序号4X20_18.tif,肿瘤SK类皮下TCRRFP序号4X20_18.tif,.tif,sy2part123,肿瘤SK类皮下__TCR_RFP__序号4__20x,肿瘤SK类皮下,序号4,TCR_RFP,,20x,18,18,high,sy2_specimen_marker_sequence_magnification,肿瘤SK类皮下,dataset_by_class\肿瘤SK类皮下__TCR_RFP__序号4__20x\肿瘤SK类皮下TCRRFP序号4X20_18.tif,25.8,2026-03-28T07:39:58.000Z,
E:\data\sy2part123\肿瘤SK类皮下TCRRFP序号4X20_19.tif,sy2part123\肿瘤SK类皮下TCRRFP序号4X20_19.tif,肿瘤SK类皮下TCRRFP序号4X20_19.tif,.tif,sy2part123,肿瘤SK类皮下__TCR_RFP__序号4__20x,肿瘤SK类皮下,序号4,TCR_RFP,,20x,19,19,high,sy2_specimen_marker_sequence_magnification,肿瘤SK类皮下,dataset_by_class\肿瘤SK类皮下__TCR_RFP__序号4__20x\肿瘤SK类皮下TCRRFP序号4X20_19.tif,25.02,2026-03-28T07:40:14.000Z,
E:\data\sy2part123\肿瘤SK类皮下TCRRFP序号4X20_2.tif,sy2part123\肿瘤SK类皮下TCRRFP序号4X20_2.tif,肿瘤SK类皮下TCRRFP序号4X20_2.tif,.tif,sy2part123,肿瘤SK类皮下__TCR_RFP__序号4__20x,肿瘤SK类皮下,序号4,TCR_RFP,,20x,2,2,high,sy2_specimen_marker_sequence_magnification,肿瘤SK类皮下,dataset_by_class\肿瘤SK类皮下__TCR_RFP__序号4__20x\肿瘤SK类皮下TCRRFP序号4X20_2.tif,24.66,2026-03-28T07:36:28.000Z,
E:\data\sy2part123\肿瘤SK类皮下TCRRFP序号4X20_20.tif,sy2part123\肿瘤SK类皮下TCRRFP序号4X20_20.tif,肿瘤SK类皮下TCRRFP序号4X20_20.tif,.tif,sy2part123,肿瘤SK类皮下__TCR_RFP__序号4__20x,肿瘤SK类皮下,序号4,TCR_RFP,,20x,20,20,high,sy2_specimen_marker_sequence_magnification,肿瘤SK类皮下,dataset_by_class\肿瘤SK类皮下__TCR_RFP__序号4__20x\肿瘤SK类皮下TCRRFP序号4X20_20.tif,24.63,2026-03-28T07:40:26.000Z,
E:\data\sy2part123\肿瘤SK类皮下TCRRFP序号4X20_3.tif,sy2part123\肿瘤SK类皮下TCRRFP序号4X20_3.tif,肿瘤SK类皮下TCRRFP序号4X20_3.tif,.tif,sy2part123,肿瘤SK类皮下__TCR_RFP__序号4__20x,肿瘤SK类皮下,序号4,TCR_RFP,,20x,3,3,high,sy2_specimen_marker_sequence_magnification,肿瘤SK类皮下,dataset_by_class\肿瘤SK类皮下__TCR_RFP__序号4__20x\肿瘤SK类皮下TCRRFP序号4X20_3.tif,25.06,2026-03-28T07:36:38.000Z,
E:\data\sy2part123\肿瘤SK类皮下TCRRFP序号4X20_4.tif,sy2part123\肿瘤SK类皮下TCRRFP序号4X20_4.tif,肿瘤SK类皮下TCRRFP序号4X20_4.tif,.tif,sy2part123,肿瘤SK类皮下__TCR_RFP__序号4__20x,肿瘤SK类皮下,序号4,TCR_RFP,,20x,4,4,high,sy2_specimen_marker_sequence_magnification,肿瘤SK类皮下,dataset_by_class\肿瘤SK类皮下__TCR_RFP__序号4__20x\肿瘤SK类皮下TCRRFP序号4X20_4.tif,25.11,2026-03-28T07:36:52.000Z,
E:\data\sy2part123\肿瘤SK类皮下TCRRFP序号4X20_5.tif,sy2part123\肿瘤SK类皮下TCRRFP序号4X20_5.tif,肿瘤SK类皮下TCRRFP序号4X20_5.tif,.tif,sy2part123,肿瘤SK类皮下__TCR_RFP__序号4__20x,肿瘤SK类皮下,序号4,TCR_RFP,,20x,5,5,high,sy2_specimen_marker_sequence_magnification,肿瘤SK类皮下,dataset_by_class\肿瘤SK类皮下__TCR_RFP__序号4__20x\肿瘤SK类皮下TCRRFP序号4X20_5.tif,26.4,2026-03-28T07:37:04.000Z,
E:\data\sy2part123\肿瘤SK类皮下TCRRFP序号4X20_6.tif,sy2part123\肿瘤SK类皮下TCRRFP序号4X20_6.tif,肿瘤SK类皮下TCRRFP序号4X20_6.tif,.tif,sy2part123,肿瘤SK类皮下__TCR_RFP__序号4__20x,肿瘤SK类皮下,序号4,TCR_RFP,,20x,6,6,high,sy2_specimen_marker_sequence_magnification,肿瘤SK类皮下,dataset_by_class\肿瘤SK类皮下__TCR_RFP__序号4__20x\肿瘤SK类皮下TCRRFP序号4X20_6.tif,26.08,2026-03-28T07:37:16.000Z,
E:\data\sy2part123\肿瘤SK类皮下TCRRFP序号4X20_7.tif,sy2part123\肿瘤SK类皮下TCRRFP序号4X20_7.tif,肿瘤SK类皮下TCRRFP序号4X20_7.tif,.tif,sy2part123,肿瘤SK类皮下__TCR_RFP__序号4__20x,肿瘤SK类皮下,序号4,TCR_RFP,,20x,7,7,high,sy2_specimen_marker_sequence_magnification,肿瘤SK类皮下,dataset_by_class\肿瘤SK类皮下__TCR_RFP__序号4__20x\肿瘤SK类皮下TCRRFP序号4X20_7.tif,25.69,2026-03-28T07:37:26.000Z,
E:\data\sy2part123\肿瘤SK类皮下TCRRFP序号4X20_8.tif,sy2part123\肿瘤SK类皮下TCRRFP序号4X20_8.tif,肿瘤SK类皮下TCRRFP序号4X20_8.tif,.tif,sy2part123,肿瘤SK类皮下__TCR_RFP__序号4__20x,肿瘤SK类皮下,序号4,TCR_RFP,,20x,8,8,high,sy2_specimen_marker_sequence_magnification,肿瘤SK类皮下,dataset_by_class\肿瘤SK类皮下__TCR_RFP__序号4__20x\肿瘤SK类皮下TCRRFP序号4X20_8.tif,23.41,2026-03-28T07:37:36.000Z,
E:\data\sy2part123\肿瘤SK类皮下TCRRFP序号4X20_9.tif,sy2part123\肿瘤SK类皮下TCRRFP序号4X20_9.tif,肿瘤SK类皮下TCRRFP序号4X20_9.tif,.tif,sy2part123,肿瘤SK类皮下__TCR_RFP__序号4__20x,肿瘤SK类皮下,序号4,TCR_RFP,,20x,9,9,high,sy2_specimen_marker_sequence_magnification,肿瘤SK类皮下,dataset_by_class\肿瘤SK类皮下__TCR_RFP__序号4__20x\肿瘤SK类皮下TCRRFP序号4X20_9.tif,22.71,2026-03-28T07:37:52.000Z,
E:\data\sy2part123\sy1\肝SK类原位IKZF1序号1-1（20倍）.tif,sy2part123\sy1\肝SK类原位IKZF1序号1-1（20倍）.tif,肝SK类原位IKZF1序号1-1（20倍）.tif,.tif,sy2part123,肝SK类原位__IKZF1__序号1__20x,肝SK类原位,序号1,IKZF1,,20x,1,1,high,sy2_specimen_marker_sequence_dash_index_magnification,肝SK类原位,dataset_by_class\肝SK类原位__IKZF1__序号1__20x\肝SK类原位IKZF1序号1-1（20倍）.tif,31.33,2026-03-24T12:34:42.000Z,
E:\data\sy2part123\sy1\肝SK类原位IKZF1序号1-10（20倍）.tif,sy2part123\sy1\肝SK类原位IKZF1序号1-10（20倍）.tif,肝SK类原位IKZF1序号1-10（20倍）.tif,.tif,sy2part123,肝SK类原位__IKZF1__序号1__20x,肝SK类原位,序号1,IKZF1,,20x,10,10,high,sy2_specimen_marker_sequence_dash_index_magnification,肝SK类原位,dataset_by_class\肝SK类原位__IKZF1__序号1__20x\肝SK类原位IKZF1序号1-10（20倍）.tif,31.01,2026-03-24T12:37:24.000Z,
E:\data\sy2part123\sy1\肝SK类原位IKZF1序号1-11（20倍）.tif,sy2part123\sy1\肝SK类原位IKZF1序号1-11（20倍）.tif,肝SK类原位IKZF1序号1-11（20倍）.tif,.tif,sy2part123,肝SK类原位__IKZF1__序号1__20x,肝SK类原位,序号1,IKZF1,,20x,11,11,high,sy2_specimen_marker_sequence_dash_index_magnification,肝SK类原位,dataset_by_class\肝SK类原位__IKZF1__序号1__20x\肝SK类原位IKZF1序号1-11（20倍）.tif,27.42,2026-03-24T12:37:52.000Z,
E:\data\sy2part123\sy1\肝SK类原位IKZF1序号1-12（20倍）.tif,sy2part123\sy1\肝SK类原位IKZF1序号1-12（20倍）.tif,肝SK类原位IKZF1序号1-12（20倍）.tif,.tif,sy2part123,肝SK类原位__IKZF1__序号1__20x,肝SK类原位,序号1,IKZF1,,20x,12,12,high,sy2_specimen_marker_sequence_dash_index_magnification,肝SK类原位,dataset_by_class\肝SK类原位__IKZF1__序号1__20x\肝SK类原位IKZF1序号1-12（20倍）.tif,28.87,2026-03-24T12:38:04.000Z,
E:\data\sy2part123\sy1\肝SK类原位IKZF1序号1-13（20倍）.tif,sy2part123\sy1\肝SK类原位IKZF1序号1-13（20倍）.tif,肝SK类原位IKZF1序号1-13（20倍）.tif,.tif,sy2part123,肝SK类原位__IKZF1__序号1__20x,肝SK类原位,序号1,IKZF1,,20x,13,13,high,sy2_specimen_marker_sequence_dash_index_magnification,肝SK类原位,dataset_by_class\肝SK类原位__IKZF1__序号1__20x\肝SK类原位IKZF1序号1-13（20倍）.tif,29.45,2026-03-24T12:38:24.000Z,
E:\data\sy2part123\sy1\肝SK类原位IKZF1序号1-14（20倍）.tif,sy2part123\sy1\肝SK类原位IKZF1序号1-14（20倍）.tif,肝SK类原位IKZF1序号1-14（20倍）.tif,.tif,sy2part123,肝SK类原位__IKZF1__序号1__20x,肝SK类原位,序号1,IKZF1,,20x,14,14,high,sy2_specimen_marker_sequence_dash_index_magnification,肝SK类原位,dataset_by_class\肝SK类原位__IKZF1__序号1__20x\肝SK类原位IKZF1序号1-14（20倍）.tif,28.36,2026-03-24T12:38:36.000Z,
E:\data\sy2part123\sy1\肝SK类原位IKZF1序号1-15（20倍）.tif,sy2part123\sy1\肝SK类原位IKZF1序号1-15（20倍）.tif,肝SK类原位IKZF1序号1-15（20倍）.tif,.tif,sy2part123,肝SK类原位__IKZF1__序号1__20x,肝SK类原位,序号1,IKZF1,,20x,15,15,high,sy2_specimen_marker_sequence_dash_index_magnification,肝SK类原位,dataset_by_class\肝SK类原位__IKZF1__序号1__20x\肝SK类原位IKZF1序号1-15（20倍）.tif,29.19,2026-03-24T12:38:50.000Z,
E:\data\sy2part123\sy1\肝SK类原位IKZF1序号1-16（20倍）.tif,sy2part123\sy1\肝SK类原位IKZF1序号1-16（20倍）.tif,肝SK类原位IKZF1序号1-16（20倍）.tif,.tif,sy2part123,肝SK类原位__IKZF1__序号1__20x,肝SK类原位,序号1,IKZF1,,20x,16,16,high,sy2_specimen_marker_sequence_dash_index_magnification,肝SK类原位,dataset_by_class\肝SK类原位__IKZF1__序号1__20x\肝SK类原位IKZF1序号1-16（20倍）.tif,29.27,2026-03-24T12:39:06.000Z,
E:\data\sy2part123\sy1\肝SK类原位IKZF1序号1-17（20倍）.tif,sy2part123\sy1\肝SK类原位IKZF1序号1-17（20倍）.tif,肝SK类原位IKZF1序号1-17（20倍）.tif,.tif,sy2part123,肝SK类原位__IKZF1__序号1__20x,肝SK类原位,序号1,IKZF1,,20x,17,17,high,sy2_specimen_marker_sequence_dash_index_magnification,肝SK类原位,dataset_by_class\肝SK类原位__IKZF1__序号1__20x\肝SK类原位IKZF1序号1-17（20倍）.tif,30.71,2026-03-24T12:39:20.000Z,
E:\data\sy2part123\sy1\肝SK类原位IKZF1序号1-18（20倍）.tif,sy2part123\sy1\肝SK类原位IKZF1序号1-18（20倍）.tif,肝SK类原位IKZF1序号1-18（20倍）.tif,.tif,sy2part123,肝SK类原位__IKZF1__序号1__20x,肝SK类原位,序号1,IKZF1,,20x,18,18,high,sy2_specimen_marker_sequence_dash_index_magnification,肝SK类原位,dataset_by_class\肝SK类原位__IKZF1__序号1__20x\肝SK类原位IKZF1序号1-18（20倍）.tif,30.15,2026-03-24T12:39:34.000Z,
E:\data\sy2part123\sy1\肝SK类原位IKZF1序号1-19（20倍）.tif,sy2part123\sy1\肝SK类原位IKZF1序号1-19（20倍）.tif,肝SK类原位IKZF1序号1-19（20倍）.tif,.tif,sy2part123,肝SK类原位__IKZF1__序号1__20x,肝SK类原位,序号1,IKZF1,,20x,19,19,high,sy2_specimen_marker_sequence_dash_index_magnification,肝SK类原位,dataset_by_class\肝SK类原位__IKZF1__序号1__20x\肝SK类原位IKZF1序号1-19（20倍）.tif,29.2,2026-03-24T12:39:46.000Z,
E:\data\sy2part123\sy1\肝SK类原位IKZF1序号1-2（20倍）.tif,sy2part123\sy1\肝SK类原位IKZF1序号1-2（20倍）.tif,肝SK类原位IKZF1序号1-2（20倍）.tif,.tif,sy2part123,肝SK类原位__IKZF1__序号1__20x,肝SK类原位,序号1,IKZF1,,20x,2,2,high,sy2_specimen_marker_sequence_dash_index_magnification,肝SK类原位,dataset_by_class\肝SK类原位__IKZF1__序号1__20x\肝SK类原位IKZF1序号1-2（20倍）.tif,30.98,2026-03-24T12:35:04.000Z,
E:\data\sy2part123\sy1\肝SK类原位IKZF1序号1-20（20倍）.tif,sy2part123\sy1\肝SK类原位IKZF1序号1-20（20倍）.tif,肝SK类原位IKZF1序号1-20（20倍）.tif,.tif,sy2part123,肝SK类原位__IKZF1__序号1__20x,肝SK类原位,序号1,IKZF1,,20x,20,20,high,sy2_specimen_marker_sequence_dash_index_magnification,肝SK类原位,dataset_by_class\肝SK类原位__IKZF1__序号1__20x\肝SK类原位IKZF1序号1-20（20倍）.tif,30.19,2026-03-24T12:39:58.000Z,
E:\data\sy2part123\sy1\肝SK类原位IKZF1序号1-3（20倍）.tif,sy2part123\sy1\肝SK类原位IKZF1序号1-3（20倍）.tif,肝SK类原位IKZF1序号1-3（20倍）.tif,.tif,sy2part123,肝SK类原位__IKZF1__序号1__20x,肝SK类原位,序号1,IKZF1,,20x,3,3,high,sy2_specimen_marker_sequence_dash_index_magnification,肝SK类原位,dataset_by_class\肝SK类原位__IKZF1__序号1__20x\肝SK类原位IKZF1序号1-3（20倍）.tif,31.11,2026-03-24T12:35:30.000Z,
E:\data\sy2part123\sy1\肝SK类原位IKZF1序号1-4（20倍）.tif,sy2part123\sy1\肝SK类原位IKZF1序号1-4（20倍）.tif,肝SK类原位IKZF1序号1-4（20倍）.tif,.tif,sy2part123,肝SK类原位__IKZF1__序号1__20x,肝SK类原位,序号1,IKZF1,,20x,4,4,high,sy2_specimen_marker_sequence_dash_index_magnification,肝SK类原位,dataset_by_class\肝SK类原位__IKZF1__序号1__20x\肝SK类原位IKZF1序号1-4（20倍）.tif,30.44,2026-03-24T12:35:48.000Z,
E:\data\sy2part123\sy1\肝SK类原位IKZF1序号1-5（20倍）.tif,sy2part123\sy1\肝SK类原位IKZF1序号1-5（20倍）.tif,肝SK类原位IKZF1序号1-5（20倍）.tif,.tif,sy2part123,肝SK类原位__IKZF1__序号1__20x,肝SK类原位,序号1,IKZF1,,20x,5,5,high,sy2_specimen_marker_sequence_dash_index_magnification,肝SK类原位,dataset_by_class\肝SK类原位__IKZF1__序号1__20x\肝SK类原位IKZF1序号1-5（20倍）.tif,29.04,2026-03-24T12:36:02.000Z,
E:\data\sy2part123\sy1\肝SK类原位IKZF1序号1-6（20倍）.tif,sy2part123\sy1\肝SK类原位IKZF1序号1-6（20倍）.tif,肝SK类原位IKZF1序号1-6（20倍）.tif,.tif,sy2part123,肝SK类原位__IKZF1__序号1__20x,肝SK类原位,序号1,IKZF1,,20x,6,6,high,sy2_specimen_marker_sequence_dash_index_magnification,肝SK类原位,dataset_by_class\肝SK类原位__IKZF1__序号1__20x\肝SK类原位IKZF1序号1-6（20倍）.tif,28.96,2026-03-24T12:36:12.000Z,
E:\data\sy2part123\sy1\肝SK类原位IKZF1序号1-7（20倍）.tif,sy2part123\sy1\肝SK类原位IKZF1序号1-7（20倍）.tif,肝SK类原位IKZF1序号1-7（20倍）.tif,.tif,sy2part123,肝SK类原位__IKZF1__序号1__20x,肝SK类原位,序号1,IKZF1,,20x,7,7,high,sy2_specimen_marker_sequence_dash_index_magnification,肝SK类原位,dataset_by_class\肝SK类原位__IKZF1__序号1__20x\肝SK类原位IKZF1序号1-7（20倍）.tif,29.58,2026-03-24T12:36:26.000Z,
E:\data\sy2part123\sy1\肝SK类原位IKZF1序号1-8（20倍）.tif,sy2part123\sy1\肝SK类原位IKZF1序号1-8（20倍）.tif,肝SK类原位IKZF1序号1-8（20倍）.tif,.tif,sy2part123,肝SK类原位__IKZF1__序号1__20x,肝SK类原位,序号1,IKZF1,,20x,8,8,high,sy2_specimen_marker_sequence_dash_index_magnification,肝SK类原位,dataset_by_class\肝SK类原位__IKZF1__序号1__20x\肝SK类原位IKZF1序号1-8（20倍）.tif,30.13,2026-03-24T12:36:52.000Z,
E:\data\sy2part123\sy1\肝SK类原位IKZF1序号1-9（20倍）.tif,sy2part123\sy1\肝SK类原位IKZF1序号1-9（20倍）.tif,肝SK类原位IKZF1序号1-9（20倍）.tif,.tif,sy2part123,肝SK类原位__IKZF1__序号1__20x,肝SK类原位,序号1,IKZF1,,20x,9,9,high,sy2_specimen_marker_sequence_dash_index_magnification,肝SK类原位,dataset_by_class\肝SK类原位__IKZF1__序号1__20x\肝SK类原位IKZF1序号1-9（20倍）.tif,30.2,2026-03-24T12:37:06.000Z,
E:\data\sy2part123\sy1\肝SK类原位IKZF1序号2-1（20倍）.tif,sy2part123\sy1\肝SK类原位IKZF1序号2-1（20倍）.tif,肝SK类原位IKZF1序号2-1（20倍）.tif,.tif,sy2part123,肝SK类原位__IKZF1__序号2__20x,肝SK类原位,序号2,IKZF1,,20x,1,1,high,sy2_specimen_marker_sequence_dash_index_magnification,肝SK类原位,dataset_by_class\肝SK类原位__IKZF1__序号2__20x\肝SK类原位IKZF1序号2-1（20倍）.tif,29.73,2026-03-24T12:18:24.000Z,
E:\data\sy2part123\sy1\肝SK类原位IKZF1序号2-10（20倍）.tif,sy2part123\sy1\肝SK类原位IKZF1序号2-10（20倍）.tif,肝SK类原位IKZF1序号2-10（20倍）.tif,.tif,sy2part123,肝SK类原位__IKZF1__序号2__20x,肝SK类原位,序号2,IKZF1,,20x,10,10,high,sy2_specimen_marker_sequence_dash_index_magnification,肝SK类原位,dataset_by_class\肝SK类原位__IKZF1__序号2__20x\肝SK类原位IKZF1序号2-10（20倍）.tif,30.75,2026-03-24T12:21:22.000Z,
E:\data\sy2part123\sy1\肝SK类原位IKZF1序号2-11（20倍）.tif,sy2part123\sy1\肝SK类原位IKZF1序号2-11（20倍）.tif,肝SK类原位IKZF1序号2-11（20倍）.tif,.tif,sy2part123,肝SK类原位__IKZF1__序号2__20x,肝SK类原位,序号2,IKZF1,,20x,11,11,high,sy2_specimen_marker_sequence_dash_index_magnification,肝SK类原位,dataset_by_class\肝SK类原位__IKZF1__序号2__20x\肝SK类原位IKZF1序号2-11（20倍）.tif,29.33,2026-03-24T12:21:38.000Z,
E:\data\sy2part123\sy1\肝SK类原位IKZF1序号2-12（20倍）.tif,sy2part123\sy1\肝SK类原位IKZF1序号2-12（20倍）.tif,肝SK类原位IKZF1序号2-12（20倍）.tif,.tif,sy2part123,肝SK类原位__IKZF1__序号2__20x,肝SK类原位,序号2,IKZF1,,20x,12,12,high,sy2_specimen_marker_sequence_dash_index_magnification,肝SK类原位,dataset_by_class\肝SK类原位__IKZF1__序号2__20x\肝SK类原位IKZF1序号2-12（20倍）.tif,30.35,2026-03-24T12:21:56.000Z,
E:\data\sy2part123\sy1\肝SK类原位IKZF1序号2-13（20倍）.tif,sy2part123\sy1\肝SK类原位IKZF1序号2-13（20倍）.tif,肝SK类原位IKZF1序号2-13（20倍）.tif,.tif,sy2part123,肝SK类原位__IKZF1__序号2__20x,肝SK类原位,序号2,IKZF1,,20x,13,13,high,sy2_specimen_marker_sequence_dash_index_magnification,肝SK类原位,dataset_by_class\肝SK类原位__IKZF1__序号2__20x\肝SK类原位IKZF1序号2-13（20倍）.tif,32.49,2026-03-24T12:30:20.000Z,
E:\data\sy2part123\sy1\肝SK类原位IKZF1序号2-14（20倍）.tif,sy2part123\sy1\肝SK类原位IKZF1序号2-14（20倍）.tif,肝SK类原位IKZF1序号2-14（20倍）.tif,.tif,sy2part123,肝SK类原位__IKZF1__序号2__20x,肝SK类原位,序号2,IKZF1,,20x,14,14,high,sy2_specimen_marker_sequence_dash_index_magnification,肝SK类原位,dataset_by_class\肝SK类原位__IKZF1__序号2__20x\肝SK类原位IKZF1序号2-14（20倍）.tif,32.36,2026-03-24T12:30:42.000Z,
E:\data\sy2part123\sy1\肝SK类原位IKZF1序号2-15（20倍）.tif,sy2part123\sy1\肝SK类原位IKZF1序号2-15（20倍）.tif,肝SK类原位IKZF1序号2-15（20倍）.tif,.tif,sy2part123,肝SK类原位__IKZF1__序号2__20x,肝SK类原位,序号2,IKZF1,,20x,15,15,high,sy2_specimen_marker_sequence_dash_index_magnification,肝SK类原位,dataset_by_class\肝SK类原位__IKZF1__序号2__20x\肝SK类原位IKZF1序号2-15（20倍）.tif,32.64,2026-03-24T12:30:58.000Z,
E:\data\sy2part123\sy1\肝SK类原位IKZF1序号2-16（20倍）.tif,sy2part123\sy1\肝SK类原位IKZF1序号2-16（20倍）.tif,肝SK类原位IKZF1序号2-16（20倍）.tif,.tif,sy2part123,肝SK类原位__IKZF1__序号2__20x,肝SK类原位,序号2,IKZF1,,20x,16,16,high,sy2_specimen_marker_sequence_dash_index_magnification,肝SK类原位,dataset_by_class\肝SK类原位__IKZF1__序号2__20x\肝SK类原位IKZF1序号2-16（20倍）.tif,31.89,2026-03-24T12:31:30.000Z,
E:\data\sy2part123\sy1\肝SK类原位IKZF1序号2-17（20倍）.tif,sy2part123\sy1\肝SK类原位IKZF1序号2-17（20倍）.tif,肝SK类原位IKZF1序号2-17（20倍）.tif,.tif,sy2part123,肝SK类原位__IKZF1__序号2__20x,肝SK类原位,序号2,IKZF1,,20x,17,17,high,sy2_specimen_marker_sequence_dash_index_magnification,肝SK类原位,dataset_by_class\肝SK类原位__IKZF1__序号2__20x\肝SK类原位IKZF1序号2-17（20倍）.tif,31.85,2026-03-24T12:31:54.000Z,
E:\data\sy2part123\sy1\肝SK类原位IKZF1序号2-18（20倍）.tif,sy2part123\sy1\肝SK类原位IKZF1序号2-18（20倍）.tif,肝SK类原位IKZF1序号2-18（20倍）.tif,.tif,sy2part123,肝SK类原位__IKZF1__序号2__20x,肝SK类原位,序号2,IKZF1,,20x,18,18,high,sy2_specimen_marker_sequence_dash_index_magnification,肝SK类原位,dataset_by_class\肝SK类原位__IKZF1__序号2__20x\肝SK类原位IKZF1序号2-18（20倍）.tif,30.82,2026-03-24T12:32:10.000Z,
E:\data\sy2part123\sy1\肝SK类原位IKZF1序号2-19（20倍）.tif,sy2part123\sy1\肝SK类原位IKZF1序号2-19（20倍）.tif,肝SK类原位IKZF1序号2-19（20倍）.tif,.tif,sy2part123,肝SK类原位__IKZF1__序号2__20x,肝SK类原位,序号2,IKZF1,,20x,19,19,high,sy2_specimen_marker_sequence_dash_index_magnification,肝SK类原位,dataset_by_class\肝SK类原位__IKZF1__序号2__20x\肝SK类原位IKZF1序号2-19（20倍）.tif,31.52,2026-03-24T12:32:26.000Z,
E:\data\sy2part123\sy1\肝SK类原位IKZF1序号2-2（20倍）.tif,sy2part123\sy1\肝SK类原位IKZF1序号2-2（20倍）.tif,肝SK类原位IKZF1序号2-2（20倍）.tif,.tif,sy2part123,肝SK类原位__IKZF1__序号2__20x,肝SK类原位,序号2,IKZF1,,20x,2,2,high,sy2_specimen_marker_sequence_dash_index_magnification,肝SK类原位,dataset_by_class\肝SK类原位__IKZF1__序号2__20x\肝SK类原位IKZF1序号2-2（20倍）.tif,27.93,2026-03-24T12:18:46.000Z,
E:\data\sy2part123\sy1\肝SK类原位IKZF1序号2-20（20倍）.tif,sy2part123\sy1\肝SK类原位IKZF1序号2-20（20倍）.tif,肝SK类原位IKZF1序号2-20（20倍）.tif,.tif,sy2part123,肝SK类原位__IKZF1__序号2__20x,肝SK类原位,序号2,IKZF1,,20x,20,20,high,sy2_specimen_marker_sequence_dash_index_magnification,肝SK类原位,dataset_by_class\肝SK类原位__IKZF1__序号2__20x\肝SK类原位IKZF1序号2-20（20倍）.tif,32.11,2026-03-24T12:33:08.000Z,
E:\data\sy2part123\sy1\肝SK类原位IKZF1序号2-3（20倍）.tif,sy2part123\sy1\肝SK类原位IKZF1序号2-3（20倍）.tif,肝SK类原位IKZF1序号2-3（20倍）.tif,.tif,sy2part123,肝SK类原位__IKZF1__序号2__20x,肝SK类原位,序号2,IKZF1,,20x,3,3,high,sy2_specimen_marker_sequence_dash_index_magnification,肝SK类原位,dataset_by_class\肝SK类原位__IKZF1__序号2__20x\肝SK类原位IKZF1序号2-3（20倍）.tif,30.12,2026-03-24T12:19:04.000Z,
E:\data\sy2part123\sy1\肝SK类原位IKZF1序号2-4（20倍）.tif,sy2part123\sy1\肝SK类原位IKZF1序号2-4（20倍）.tif,肝SK类原位IKZF1序号2-4（20倍）.tif,.tif,sy2part123,肝SK类原位__IKZF1__序号2__20x,肝SK类原位,序号2,IKZF1,,20x,4,4,high,sy2_specimen_marker_sequence_dash_index_magnification,肝SK类原位,dataset_by_class\肝SK类原位__IKZF1__序号2__20x\肝SK类原位IKZF1序号2-4（20倍）.tif,30.25,2026-03-24T12:19:22.000Z,
E:\data\sy2part123\sy1\肝SK类原位IKZF1序号2-5（20倍）.tif,sy2part123\sy1\肝SK类原位IKZF1序号2-5（20倍）.tif,肝SK类原位IKZF1序号2-5（20倍）.tif,.tif,sy2part123,肝SK类原位__IKZF1__序号2__20x,肝SK类原位,序号2,IKZF1,,20x,5,5,high,sy2_specimen_marker_sequence_dash_index_magnification,肝SK类原位,dataset_by_class\肝SK类原位__IKZF1__序号2__20x\肝SK类原位IKZF1序号2-5（20倍）.tif,28.83,2026-03-24T12:19:44.000Z,
E:\data\sy2part123\sy1\肝SK类原位IKZF1序号2-6（20倍）.tif,sy2part123\sy1\肝SK类原位IKZF1序号2-6（20倍）.tif,肝SK类原位IKZF1序号2-6（20倍）.tif,.tif,sy2part123,肝SK类原位__IKZF1__序号2__20x,肝SK类原位,序号2,IKZF1,,20x,6,6,high,sy2_specimen_marker_sequence_dash_index_magnification,肝SK类原位,dataset_by_class\肝SK类原位__IKZF1__序号2__20x\肝SK类原位IKZF1序号2-6（20倍）.tif,29.81,2026-03-24T12:20:12.000Z,
E:\data\sy2part123\sy1\肝SK类原位IKZF1序号2-7（20倍）.tif,sy2part123\sy1\肝SK类原位IKZF1序号2-7（20倍）.tif,肝SK类原位IKZF1序号2-7（20倍）.tif,.tif,sy2part123,肝SK类原位__IKZF1__序号2__20x,肝SK类原位,序号2,IKZF1,,20x,7,7,high,sy2_specimen_marker_sequence_dash_index_magnification,肝SK类原位,dataset_by_class\肝SK类原位__IKZF1__序号2__20x\肝SK类原位IKZF1序号2-7（20倍）.tif,29.61,2026-03-24T12:20:28.000Z,
E:\data\sy2part123\sy1\肝SK类原位IKZF1序号2-8（20倍）.tif,sy2part123\sy1\肝SK类原位IKZF1序号2-8（20倍）.tif,肝SK类原位IKZF1序号2-8（20倍）.tif,.tif,sy2part123,肝SK类原位__IKZF1__序号2__20x,肝SK类原位,序号2,IKZF1,,20x,8,8,high,sy2_specimen_marker_sequence_dash_index_magnification,肝SK类原位,dataset_by_class\肝SK类原位__IKZF1__序号2__20x\肝SK类原位IKZF1序号2-8（20倍）.tif,29.96,2026-03-24T12:20:46.000Z,
E:\data\sy2part123\sy1\肝SK类原位IKZF1序号2-9（20倍）.tif,sy2part123\sy1\肝SK类原位IKZF1序号2-9（20倍）.tif,肝SK类原位IKZF1序号2-9（20倍）.tif,.tif,sy2part123,肝SK类原位__IKZF1__序号2__20x,肝SK类原位,序号2,IKZF1,,20x,9,9,high,sy2_specimen_marker_sequence_dash_index_magnification,肝SK类原位,dataset_by_class\肝SK类原位__IKZF1__序号2__20x\肝SK类原位IKZF1序号2-9（20倍）.tif,30.49,2026-03-24T12:21:04.000Z,
E:\data\sy2part123\sy1\肝SK类原位MPAP4序号1-1（20倍）.tif,sy2part123\sy1\肝SK类原位MPAP4序号1-1（20倍）.tif,肝SK类原位MPAP4序号1-1（20倍）.tif,.tif,sy2part123,肝SK类原位__MPA_P4__序号1__20x,肝SK类原位,序号1,MPA_P4,,20x,1,1,high,sy2_specimen_marker_sequence_dash_index_magnification,肝SK类原位,dataset_by_class\肝SK类原位__MPA_P4__序号1__20x\肝SK类原位MPAP4序号1-1（20倍）.tif,30.64,2026-03-24T12:50:02.000Z,
E:\data\sy2part123\sy1\肝SK类原位MPAP4序号1-10（20倍）.tif,sy2part123\sy1\肝SK类原位MPAP4序号1-10（20倍）.tif,肝SK类原位MPAP4序号1-10（20倍）.tif,.tif,sy2part123,肝SK类原位__MPA_P4__序号1__20x,肝SK类原位,序号1,MPA_P4,,20x,10,10,high,sy2_specimen_marker_sequence_dash_index_magnification,肝SK类原位,dataset_by_class\肝SK类原位__MPA_P4__序号1__20x\肝SK类原位MPAP4序号1-10（20倍）.tif,37.85,2026-03-24T13:06:32.000Z,
E:\data\sy2part123\sy1\肝SK类原位MPAP4序号1-11（20倍）.tif,sy2part123\sy1\肝SK类原位MPAP4序号1-11（20倍）.tif,肝SK类原位MPAP4序号1-11（20倍）.tif,.tif,sy2part123,肝SK类原位__MPA_P4__序号1__20x,肝SK类原位,序号1,MPA_P4,,20x,11,11,high,sy2_specimen_marker_sequence_dash_index_magnification,肝SK类原位,dataset_by_class\肝SK类原位__MPA_P4__序号1__20x\肝SK类原位MPAP4序号1-11（20倍）.tif,37.86,2026-03-24T13:06:46.000Z,
E:\data\sy2part123\sy1\肝SK类原位MPAP4序号1-12（20倍）.tif,sy2part123\sy1\肝SK类原位MPAP4序号1-12（20倍）.tif,肝SK类原位MPAP4序号1-12（20倍）.tif,.tif,sy2part123,肝SK类原位__MPA_P4__序号1__20x,肝SK类原位,序号1,MPA_P4,,20x,12,12,high,sy2_specimen_marker_sequence_dash_index_magnification,肝SK类原位,dataset_by_class\肝SK类原位__MPA_P4__序号1__20x\肝SK类原位MPAP4序号1-12（20倍）.tif,37.79,2026-03-24T13:07:26.000Z,
E:\data\sy2part123\sy1\肝SK类原位MPAP4序号1-13（20倍）.tif,sy2part123\sy1\肝SK类原位MPAP4序号1-13（20倍）.tif,肝SK类原位MPAP4序号1-13（20倍）.tif,.tif,sy2part123,肝SK类原位__MPA_P4__序号1__20x,肝SK类原位,序号1,MPA_P4,,20x,13,13,high,sy2_specimen_marker_sequence_dash_index_magnification,肝SK类原位,dataset_by_class\肝SK类原位__MPA_P4__序号1__20x\肝SK类原位MPAP4序号1-13（20倍）.tif,39.18,2026-03-24T13:07:46.000Z,
E:\data\sy2part123\sy1\肝SK类原位MPAP4序号1-14（20倍）.tif,sy2part123\sy1\肝SK类原位MPAP4序号1-14（20倍）.tif,肝SK类原位MPAP4序号1-14（20倍）.tif,.tif,sy2part123,肝SK类原位__MPA_P4__序号1__20x,肝SK类原位,序号1,MPA_P4,,20x,14,14,high,sy2_specimen_marker_sequence_dash_index_magnification,肝SK类原位,dataset_by_class\肝SK类原位__MPA_P4__序号1__20x\肝SK类原位MPAP4序号1-14（20倍）.tif,38.98,2026-03-24T13:08:08.000Z,
E:\data\sy2part123\sy1\肝SK类原位MPAP4序号1-15（20倍）.tif,sy2part123\sy1\肝SK类原位MPAP4序号1-15（20倍）.tif,肝SK类原位MPAP4序号1-15（20倍）.tif,.tif,sy2part123,肝SK类原位__MPA_P4__序号1__20x,肝SK类原位,序号1,MPA_P4,,20x,15,15,high,sy2_specimen_marker_sequence_dash_index_magnification,肝SK类原位,dataset_by_class\肝SK类原位__MPA_P4__序号1__20x\肝SK类原位MPAP4序号1-15（20倍）.tif,38.47,2026-03-24T13:08:22.000Z,
E:\data\sy2part123\sy1\肝SK类原位MPAP4序号1-16（20倍）.tif,sy2part123\sy1\肝SK类原位MPAP4序号1-16（20倍）.tif,肝SK类原位MPAP4序号1-16（20倍）.tif,.tif,sy2part123,肝SK类原位__MPA_P4__序号1__20x,肝SK类原位,序号1,MPA_P4,,20x,16,16,high,sy2_specimen_marker_sequence_dash_index_magnification,肝SK类原位,dataset_by_class\肝SK类原位__MPA_P4__序号1__20x\肝SK类原位MPAP4序号1-16（20倍）.tif,38.3,2026-03-24T13:08:54.000Z,
E:\data\sy2part123\sy1\肝SK类原位MPAP4序号1-17（20倍）.tif,sy2part123\sy1\肝SK类原位MPAP4序号1-17（20倍）.tif,肝SK类原位MPAP4序号1-17（20倍）.tif,.tif,sy2part123,肝SK类原位__MPA_P4__序号1__20x,肝SK类原位,序号1,MPA_P4,,20x,17,17,high,sy2_specimen_marker_sequence_dash_index_magnification,肝SK类原位,dataset_by_class\肝SK类原位__MPA_P4__序号1__20x\肝SK类原位MPAP4序号1-17（20倍）.tif,37.2,2026-03-24T13:09:08.000Z,
E:\data\sy2part123\sy1\肝SK类原位MPAP4序号1-18（20倍）.tif,sy2part123\sy1\肝SK类原位MPAP4序号1-18（20倍）.tif,肝SK类原位MPAP4序号1-18（20倍）.tif,.tif,sy2part123,肝SK类原位__MPA_P4__序号1__20x,肝SK类原位,序号1,MPA_P4,,20x,18,18,high,sy2_specimen_marker_sequence_dash_index_magnification,肝SK类原位,dataset_by_class\肝SK类原位__MPA_P4__序号1__20x\肝SK类原位MPAP4序号1-18（20倍）.tif,37.36,2026-03-24T13:09:22.000Z,
E:\data\sy2part123\sy1\肝SK类原位MPAP4序号1-19（20倍）.tif,sy2part123\sy1\肝SK类原位MPAP4序号1-19（20倍）.tif,肝SK类原位MPAP4序号1-19（20倍）.tif,.tif,sy2part123,肝SK类原位__MPA_P4__序号1__20x,肝SK类原位,序号1,MPA_P4,,20x,19,19,high,sy2_specimen_marker_sequence_dash_index_magnification,肝SK类原位,dataset_by_class\肝SK类原位__MPA_P4__序号1__20x\肝SK类原位MPAP4序号1-19（20倍）.tif,37.31,2026-03-24T13:09:38.000Z,
E:\data\sy2part123\sy1\肝SK类原位MPAP4序号1-2（20倍）.tif,sy2part123\sy1\肝SK类原位MPAP4序号1-2（20倍）.tif,肝SK类原位MPAP4序号1-2（20倍）.tif,.tif,sy2part123,肝SK类原位__MPA_P4__序号1__20x,肝SK类原位,序号1,MPA_P4,,20x,2,2,high,sy2_specimen_marker_sequence_dash_index_magnification,肝SK类原位,dataset_by_class\肝SK类原位__MPA_P4__序号1__20x\肝SK类原位MPAP4序号1-2（20倍）.tif,29.52,2026-03-24T12:50:16.000Z,
E:\data\sy2part123\sy1\肝SK类原位MPAP4序号1-20（20倍）.tif,sy2part123\sy1\肝SK类原位MPAP4序号1-20（20倍）.tif,肝SK类原位MPAP4序号1-20（20倍）.tif,.tif,sy2part123,肝SK类原位__MPA_P4__序号1__20x,肝SK类原位,序号1,MPA_P4,,20x,20,20,high,sy2_specimen_marker_sequence_dash_index_magnification,肝SK类原位,dataset_by_class\肝SK类原位__MPA_P4__序号1__20x\肝SK类原位MPAP4序号1-20（20倍）.tif,37.71,2026-03-24T13:09:56.000Z,
E:\data\sy2part123\sy1\肝SK类原位MPAP4序号1-3（20倍）.tif,sy2part123\sy1\肝SK类原位MPAP4序号1-3（20倍）.tif,肝SK类原位MPAP4序号1-3（20倍）.tif,.tif,sy2part123,肝SK类原位__MPA_P4__序号1__20x,肝SK类原位,序号1,MPA_P4,,20x,3,3,high,sy2_specimen_marker_sequence_dash_index_magnification,肝SK类原位,dataset_by_class\肝SK类原位__MPA_P4__序号1__20x\肝SK类原位MPAP4序号1-3（20倍）.tif,29.58,2026-03-24T12:50:34.000Z,
E:\data\sy2part123\sy1\肝SK类原位MPAP4序号1-4（20倍）.tif,sy2part123\sy1\肝SK类原位MPAP4序号1-4（20倍）.tif,肝SK类原位MPAP4序号1-4（20倍）.tif,.tif,sy2part123,肝SK类原位__MPA_P4__序号1__20x,肝SK类原位,序号1,MPA_P4,,20x,4,4,high,sy2_specimen_marker_sequence_dash_index_magnification,肝SK类原位,dataset_by_class\肝SK类原位__MPA_P4__序号1__20x\肝SK类原位MPAP4序号1-4（20倍）.tif,29.3,2026-03-24T12:50:52.000Z,
E:\data\sy2part123\sy1\肝SK类原位MPAP4序号1-5（20倍）.tif,sy2part123\sy1\肝SK类原位MPAP4序号1-5（20倍）.tif,肝SK类原位MPAP4序号1-5（20倍）.tif,.tif,sy2part123,肝SK类原位__MPA_P4__序号1__20x,肝SK类原位,序号1,MPA_P4,,20x,5,5,high,sy2_specimen_marker_sequence_dash_index_magnification,肝SK类原位,dataset_by_class\肝SK类原位__MPA_P4__序号1__20x\肝SK类原位MPAP4序号1-5（20倍）.tif,29.32,2026-03-24T12:51:06.000Z,
E:\data\sy2part123\sy1\肝SK类原位MPAP4序号1-6（20倍）.tif,sy2part123\sy1\肝SK类原位MPAP4序号1-6（20倍）.tif,肝SK类原位MPAP4序号1-6（20倍）.tif,.tif,sy2part123,肝SK类原位__MPA_P4__序号1__20x,肝SK类原位,序号1,MPA_P4,,20x,6,6,high,sy2_specimen_marker_sequence_dash_index_magnification,肝SK类原位,dataset_by_class\肝SK类原位__MPA_P4__序号1__20x\肝SK类原位MPAP4序号1-6（20倍）.tif,38.2,2026-03-24T13:05:02.000Z,
E:\data\sy2part123\sy1\肝SK类原位MPAP4序号1-7（20倍）.tif,sy2part123\sy1\肝SK类原位MPAP4序号1-7（20倍）.tif,肝SK类原位MPAP4序号1-7（20倍）.tif,.tif,sy2part123,肝SK类原位__MPA_P4__序号1__20x,肝SK类原位,序号1,MPA_P4,,20x,7,7,high,sy2_specimen_marker_sequence_dash_index_magnification,肝SK类原位,dataset_by_class\肝SK类原位__MPA_P4__序号1__20x\肝SK类原位MPAP4序号1-7（20倍）.tif,37.85,2026-03-24T13:05:26.000Z,
E:\data\sy2part123\sy1\肝SK类原位MPAP4序号1-8（20倍）.tif,sy2part123\sy1\肝SK类原位MPAP4序号1-8（20倍）.tif,肝SK类原位MPAP4序号1-8（20倍）.tif,.tif,sy2part123,肝SK类原位__MPA_P4__序号1__20x,肝SK类原位,序号1,MPA_P4,,20x,8,8,high,sy2_specimen_marker_sequence_dash_index_magnification,肝SK类原位,dataset_by_class\肝SK类原位__MPA_P4__序号1__20x\肝SK类原位MPAP4序号1-8（20倍）.tif,37.63,2026-03-24T13:05:50.000Z,
E:\data\sy2part123\sy1\肝SK类原位MPAP4序号1-9（20倍）.tif,sy2part123\sy1\肝SK类原位MPAP4序号1-9（20倍）.tif,肝SK类原位MPAP4序号1-9（20倍）.tif,.tif,sy2part123,肝SK类原位__MPA_P4__序号1__20x,肝SK类原位,序号1,MPA_P4,,20x,9,9,high,sy2_specimen_marker_sequence_dash_index_magnification,肝SK类原位,dataset_by_class\肝SK类原位__MPA_P4__序号1__20x\肝SK类原位MPAP4序号1-9（20倍）.tif,37.43,2026-03-24T13:06:12.000Z,
E:\data\sy2part123\sy1\肝SK类原位TCR REP序号1-1（10倍）.tif,sy2part123\sy1\肝SK类原位TCR REP序号1-1（10倍）.tif,肝SK类原位TCR REP序号1-1（10倍）.tif,.tif,sy2part123,肝SK类原位__TCR_REP__序号1__10x,肝SK类原位,序号1,TCR_REP,,10x,1,1,high,sy2_specimen_marker_sequence_dash_index_magnification,肝SK类原位,dataset_by_class\肝SK类原位__TCR_REP__序号1__10x\肝SK类原位TCR REP序号1-1（10倍）.tif,42.83,2026-03-23T01:43:44.000Z,
E:\data\sy2part123\sy1\肝SK类原位TCR REP序号1-10（10倍）.tif,sy2part123\sy1\肝SK类原位TCR REP序号1-10（10倍）.tif,肝SK类原位TCR REP序号1-10（10倍）.tif,.tif,sy2part123,肝SK类原位__TCR_REP__序号1__10x,肝SK类原位,序号1,TCR_REP,,10x,10,10,high,sy2_specimen_marker_sequence_dash_index_magnification,肝SK类原位,dataset_by_class\肝SK类原位__TCR_REP__序号1__10x\肝SK类原位TCR REP序号1-10（10倍）.tif,42.67,2026-03-23T01:50:40.000Z,
E:\data\sy2part123\sy1\肝SK类原位TCR REP序号1-2（10倍）.tif,sy2part123\sy1\肝SK类原位TCR REP序号1-2（10倍）.tif,肝SK类原位TCR REP序号1-2（10倍）.tif,.tif,sy2part123,肝SK类原位__TCR_REP__序号1__10x,肝SK类原位,序号1,TCR_REP,,10x,2,2,high,sy2_specimen_marker_sequence_dash_index_magnification,肝SK类原位,dataset_by_class\肝SK类原位__TCR_REP__序号1__10x\肝SK类原位TCR REP序号1-2（10倍）.tif,42.79,2026-03-23T01:44:48.000Z,
E:\data\sy2part123\sy1\肝SK类原位TCR REP序号1-3（10倍）.tif,sy2part123\sy1\肝SK类原位TCR REP序号1-3（10倍）.tif,肝SK类原位TCR REP序号1-3（10倍）.tif,.tif,sy2part123,肝SK类原位__TCR_REP__序号1__10x,肝SK类原位,序号1,TCR_REP,,10x,3,3,high,sy2_specimen_marker_sequence_dash_index_magnification,肝SK类原位,dataset_by_class\肝SK类原位__TCR_REP__序号1__10x\肝SK类原位TCR REP序号1-3（10倍）.tif,42.07,2026-03-23T01:45:24.000Z,
E:\data\sy2part123\sy1\肝SK类原位TCR REP序号1-4（10倍）.tif,sy2part123\sy1\肝SK类原位TCR REP序号1-4（10倍）.tif,肝SK类原位TCR REP序号1-4（10倍）.tif,.tif,sy2part123,肝SK类原位__TCR_REP__序号1__10x,肝SK类原位,序号1,TCR_REP,,10x,4,4,high,sy2_specimen_marker_sequence_dash_index_magnification,肝SK类原位,dataset_by_class\肝SK类原位__TCR_REP__序号1__10x\肝SK类原位TCR REP序号1-4（10倍）.tif,40.01,2026-03-23T01:45:50.000Z,
E:\data\sy2part123\sy1\肝SK类原位TCR REP序号1-5（10倍）.tif,sy2part123\sy1\肝SK类原位TCR REP序号1-5（10倍）.tif,肝SK类原位TCR REP序号1-5（10倍）.tif,.tif,sy2part123,肝SK类原位__TCR_REP__序号1__10x,肝SK类原位,序号1,TCR_REP,,10x,5,5,high,sy2_specimen_marker_sequence_dash_index_magnification,肝SK类原位,dataset_by_class\肝SK类原位__TCR_REP__序号1__10x\肝SK类原位TCR REP序号1-5（10倍）.tif,42.13,2026-03-23T01:47:16.000Z,
E:\data\sy2part123\sy1\肝SK类原位TCR REP序号1-6（10倍）.tif,sy2part123\sy1\肝SK类原位TCR REP序号1-6（10倍）.tif,肝SK类原位TCR REP序号1-6（10倍）.tif,.tif,sy2part123,肝SK类原位__TCR_REP__序号1__10x,肝SK类原位,序号1,TCR_REP,,10x,6,6,high,sy2_specimen_marker_sequence_dash_index_magnification,肝SK类原位,dataset_by_class\肝SK类原位__TCR_REP__序号1__10x\肝SK类原位TCR REP序号1-6（10倍）.tif,41.9,2026-03-23T01:47:44.000Z,
E:\data\sy2part123\sy1\肝SK类原位TCR REP序号1-7（10倍）.tif,sy2part123\sy1\肝SK类原位TCR REP序号1-7（10倍）.tif,肝SK类原位TCR REP序号1-7（10倍）.tif,.tif,sy2part123,肝SK类原位__TCR_REP__序号1__10x,肝SK类原位,序号1,TCR_REP,,10x,7,7,high,sy2_specimen_marker_sequence_dash_index_magnification,肝SK类原位,dataset_by_class\肝SK类原位__TCR_REP__序号1__10x\肝SK类原位TCR REP序号1-7（10倍）.tif,41.11,2026-03-23T01:48:18.000Z,
E:\data\sy2part123\sy1\肝SK类原位TCR REP序号1-8（10倍）.tif,sy2part123\sy1\肝SK类原位TCR REP序号1-8（10倍）.tif,肝SK类原位TCR REP序号1-8（10倍）.tif,.tif,sy2part123,肝SK类原位__TCR_REP__序号1__10x,肝SK类原位,序号1,TCR_REP,,10x,8,8,high,sy2_specimen_marker_sequence_dash_index_magnification,肝SK类原位,dataset_by_class\肝SK类原位__TCR_REP__序号1__10x\肝SK类原位TCR REP序号1-8（10倍）.tif,41.85,2026-03-23T01:49:08.000Z,
E:\data\sy2part123\sy1\肝SK类原位TCR REP序号1-9（10倍）.tif,sy2part123\sy1\肝SK类原位TCR REP序号1-9（10倍）.tif,肝SK类原位TCR REP序号1-9（10倍）.tif,.tif,sy2part123,肝SK类原位__TCR_REP__序号1__10x,肝SK类原位,序号1,TCR_REP,,10x,9,9,high,sy2_specimen_marker_sequence_dash_index_magnification,肝SK类原位,dataset_by_class\肝SK类原位__TCR_REP__序号1__10x\肝SK类原位TCR REP序号1-9（10倍）.tif,41.57,2026-03-23T01:49:46.000Z,
E:\data\sy2part123\sy1\肝SK类原位TCR REP序号2-1（10倍）.tif,sy2part123\sy1\肝SK类原位TCR REP序号2-1（10倍）.tif,肝SK类原位TCR REP序号2-1（10倍）.tif,.tif,sy2part123,肝SK类原位__TCR_REP__序号2__10x,肝SK类原位,序号2,TCR_REP,,10x,1,1,high,sy2_specimen_marker_sequence_dash_index_magnification,肝SK类原位,dataset_by_class\肝SK类原位__TCR_REP__序号2__10x\肝SK类原位TCR REP序号2-1（10倍）.tif,43.31,2026-03-23T01:53:00.000Z,
E:\data\sy2part123\sy1\肝SK类原位TCR REP序号2-10（10倍）.tif,sy2part123\sy1\肝SK类原位TCR REP序号2-10（10倍）.tif,肝SK类原位TCR REP序号2-10（10倍）.tif,.tif,sy2part123,肝SK类原位__TCR_REP__序号2__10x,肝SK类原位,序号2,TCR_REP,,10x,10,10,high,sy2_specimen_marker_sequence_dash_index_magnification,肝SK类原位,dataset_by_class\肝SK类原位__TCR_REP__序号2__10x\肝SK类原位TCR REP序号2-10（10倍）.tif,41.57,2026-03-23T01:58:56.000Z,
E:\data\sy2part123\sy1\肝SK类原位TCR REP序号2-2（10倍）.tif,sy2part123\sy1\肝SK类原位TCR REP序号2-2（10倍）.tif,肝SK类原位TCR REP序号2-2（10倍）.tif,.tif,sy2part123,肝SK类原位__TCR_REP__序号2__10x,肝SK类原位,序号2,TCR_REP,,10x,2,2,high,sy2_specimen_marker_sequence_dash_index_magnification,肝SK类原位,dataset_by_class\肝SK类原位__TCR_REP__序号2__10x\肝SK类原位TCR REP序号2-2（10倍）.tif,42.07,2026-03-23T01:53:44.000Z,
E:\data\sy2part123\sy1\肝SK类原位TCR REP序号2-3（10倍）.tif,sy2part123\sy1\肝SK类原位TCR REP序号2-3（10倍）.tif,肝SK类原位TCR REP序号2-3（10倍）.tif,.tif,sy2part123,肝SK类原位__TCR_REP__序号2__10x,肝SK类原位,序号2,TCR_REP,,10x,3,3,high,sy2_specimen_marker_sequence_dash_index_magnification,肝SK类原位,dataset_by_class\肝SK类原位__TCR_REP__序号2__10x\肝SK类原位TCR REP序号2-3（10倍）.tif,41.76,2026-03-23T01:54:22.000Z,
E:\data\sy2part123\sy1\肝SK类原位TCR REP序号2-4（10倍）.tif,sy2part123\sy1\肝SK类原位TCR REP序号2-4（10倍）.tif,肝SK类原位TCR REP序号2-4（10倍）.tif,.tif,sy2part123,肝SK类原位__TCR_REP__序号2__10x,肝SK类原位,序号2,TCR_REP,,10x,4,4,high,sy2_specimen_marker_sequence_dash_index_magnification,肝SK类原位,dataset_by_class\肝SK类原位__TCR_REP__序号2__10x\肝SK类原位TCR REP序号2-4（10倍）.tif,42.02,2026-03-23T01:55:18.000Z,
E:\data\sy2part123\sy1\肝SK类原位TCR REP序号2-5（10倍）.tif,sy2part123\sy1\肝SK类原位TCR REP序号2-5（10倍）.tif,肝SK类原位TCR REP序号2-5（10倍）.tif,.tif,sy2part123,肝SK类原位__TCR_REP__序号2__10x,肝SK类原位,序号2,TCR_REP,,10x,5,5,high,sy2_specimen_marker_sequence_dash_index_magnification,肝SK类原位,dataset_by_class\肝SK类原位__TCR_REP__序号2__10x\肝SK类原位TCR REP序号2-5（10倍）.tif,43.21,2026-03-23T01:55:54.000Z,
E:\data\sy2part123\sy1\肝SK类原位TCR REP序号2-6（10倍）.tif,sy2part123\sy1\肝SK类原位TCR REP序号2-6（10倍）.tif,肝SK类原位TCR REP序号2-6（10倍）.tif,.tif,sy2part123,肝SK类原位__TCR_REP__序号2__10x,肝SK类原位,序号2,TCR_REP,,10x,6,6,high,sy2_specimen_marker_sequence_dash_index_magnification,肝SK类原位,dataset_by_class\肝SK类原位__TCR_REP__序号2__10x\肝SK类原位TCR REP序号2-6（10倍）.tif,43.15,2026-03-23T01:56:46.000Z,
E:\data\sy2part123\sy1\肝SK类原位TCR REP序号2-7（10倍）.tif,sy2part123\sy1\肝SK类原位TCR REP序号2-7（10倍）.tif,肝SK类原位TCR REP序号2-7（10倍）.tif,.tif,sy2part123,肝SK类原位__TCR_REP__序号2__10x,肝SK类原位,序号2,TCR_REP,,10x,7,7,high,sy2_specimen_marker_sequence_dash_index_magnification,肝SK类原位,dataset_by_class\肝SK类原位__TCR_REP__序号2__10x\肝SK类原位TCR REP序号2-7（10倍）.tif,42.42,2026-03-23T01:57:22.000Z,
E:\data\sy2part123\sy1\肝SK类原位TCR REP序号2-8（10倍）.tif,sy2part123\sy1\肝SK类原位TCR REP序号2-8（10倍）.tif,肝SK类原位TCR REP序号2-8（10倍）.tif,.tif,sy2part123,肝SK类原位__TCR_REP__序号2__10x,肝SK类原位,序号2,TCR_REP,,10x,8,8,high,sy2_specimen_marker_sequence_dash_index_magnification,肝SK类原位,dataset_by_class\肝SK类原位__TCR_REP__序号2__10x\肝SK类原位TCR REP序号2-8（10倍）.tif,42.65,2026-03-23T01:57:54.000Z,
E:\data\sy2part123\sy1\肝SK类原位TCR REP序号2-9（10倍）.tif,sy2part123\sy1\肝SK类原位TCR REP序号2-9（10倍）.tif,肝SK类原位TCR REP序号2-9（10倍）.tif,.tif,sy2part123,肝SK类原位__TCR_REP__序号2__10x,肝SK类原位,序号2,TCR_REP,,10x,9,9,high,sy2_specimen_marker_sequence_dash_index_magnification,肝SK类原位,dataset_by_class\肝SK类原位__TCR_REP__序号2__10x\肝SK类原位TCR REP序号2-9（10倍）.tif,42.62,2026-03-23T01:58:30.000Z,
E:\data\sy2part123\sy1\肿瘤SK类皮下IKZF1序号1-1(10倍).tif,sy2part123\sy1\肿瘤SK类皮下IKZF1序号1-1(10倍).tif,肿瘤SK类皮下IKZF1序号1-1(10倍).tif,.tif,sy2part123,肿瘤SK类皮下__IKZF1__序号1__10x,肿瘤SK类皮下,序号1,IKZF1,,10x,1,1,high,sy2_specimen_marker_sequence_dash_index_magnification,肿瘤SK类皮下,dataset_by_class\肿瘤SK类皮下__IKZF1__序号1__10x\肿瘤SK类皮下IKZF1序号1-1(10倍).tif,43.31,2026-03-23T01:08:08.000Z,
E:\data\sy2part123\sy1\肿瘤SK类皮下IKZF1序号1-10(10倍).tif,sy2part123\sy1\肿瘤SK类皮下IKZF1序号1-10(10倍).tif,肿瘤SK类皮下IKZF1序号1-10(10倍).tif,.tif,sy2part123,肿瘤SK类皮下__IKZF1__序号1__10x,肿瘤SK类皮下,序号1,IKZF1,,10x,10,10,high,sy2_specimen_marker_sequence_dash_index_magnification,肿瘤SK类皮下,dataset_by_class\肿瘤SK类皮下__IKZF1__序号1__10x\肿瘤SK类皮下IKZF1序号1-10(10倍).tif,44.56,2026-03-23T01:27:14.000Z,
E:\data\sy2part123\sy1\肿瘤SK类皮下IKZF1序号1-2(10倍).tif,sy2part123\sy1\肿瘤SK类皮下IKZF1序号1-2(10倍).tif,肿瘤SK类皮下IKZF1序号1-2(10倍).tif,.tif,sy2part123,肿瘤SK类皮下__IKZF1__序号1__10x,肿瘤SK类皮下,序号1,IKZF1,,10x,2,2,high,sy2_specimen_marker_sequence_dash_index_magnification,肿瘤SK类皮下,dataset_by_class\肿瘤SK类皮下__IKZF1__序号1__10x\肿瘤SK类皮下IKZF1序号1-2(10倍).tif,42.63,2026-03-23T01:12:46.000Z,
E:\data\sy2part123\sy1\肿瘤SK类皮下IKZF1序号1-3(10倍).tif,sy2part123\sy1\肿瘤SK类皮下IKZF1序号1-3(10倍).tif,肿瘤SK类皮下IKZF1序号1-3(10倍).tif,.tif,sy2part123,肿瘤SK类皮下__IKZF1__序号1__10x,肿瘤SK类皮下,序号1,IKZF1,,10x,3,3,high,sy2_specimen_marker_sequence_dash_index_magnification,肿瘤SK类皮下,dataset_by_class\肿瘤SK类皮下__IKZF1__序号1__10x\肿瘤SK类皮下IKZF1序号1-3(10倍).tif,43.08,2026-03-23T01:14:22.000Z,
E:\data\sy2part123\sy1\肿瘤SK类皮下IKZF1序号1-4(10倍).tif,sy2part123\sy1\肿瘤SK类皮下IKZF1序号1-4(10倍).tif,肿瘤SK类皮下IKZF1序号1-4(10倍).tif,.tif,sy2part123,肿瘤SK类皮下__IKZF1__序号1__10x,肿瘤SK类皮下,序号1,IKZF1,,10x,4,4,high,sy2_specimen_marker_sequence_dash_index_magnification,肿瘤SK类皮下,dataset_by_class\肿瘤SK类皮下__IKZF1__序号1__10x\肿瘤SK类皮下IKZF1序号1-4(10倍).tif,43.81,2026-03-23T01:15:40.000Z,
E:\data\sy2part123\sy1\肿瘤SK类皮下IKZF1序号1-5(10倍).tif,sy2part123\sy1\肿瘤SK类皮下IKZF1序号1-5(10倍).tif,肿瘤SK类皮下IKZF1序号1-5(10倍).tif,.tif,sy2part123,肿瘤SK类皮下__IKZF1__序号1__10x,肿瘤SK类皮下,序号1,IKZF1,,10x,5,5,high,sy2_specimen_marker_sequence_dash_index_magnification,肿瘤SK类皮下,dataset_by_class\肿瘤SK类皮下__IKZF1__序号1__10x\肿瘤SK类皮下IKZF1序号1-5(10倍).tif,44.09,2026-03-23T01:17:22.000Z,
E:\data\sy2part123\sy1\肿瘤SK类皮下IKZF1序号1-6(10倍).tif,sy2part123\sy1\肿瘤SK类皮下IKZF1序号1-6(10倍).tif,肿瘤SK类皮下IKZF1序号1-6(10倍).tif,.tif,sy2part123,肿瘤SK类皮下__IKZF1__序号1__10x,肿瘤SK类皮下,序号1,IKZF1,,10x,6,6,high,sy2_specimen_marker_sequence_dash_index_magnification,肿瘤SK类皮下,dataset_by_class\肿瘤SK类皮下__IKZF1__序号1__10x\肿瘤SK类皮下IKZF1序号1-6(10倍).tif,43.82,2026-03-23T01:19:38.000Z,
E:\data\sy2part123\sy1\肿瘤SK类皮下IKZF1序号1-7(10倍).tif,sy2part123\sy1\肿瘤SK类皮下IKZF1序号1-7(10倍).tif,肿瘤SK类皮下IKZF1序号1-7(10倍).tif,.tif,sy2part123,肿瘤SK类皮下__IKZF1__序号1__10x,肿瘤SK类皮下,序号1,IKZF1,,10x,7,7,high,sy2_specimen_marker_sequence_dash_index_magnification,肿瘤SK类皮下,dataset_by_class\肿瘤SK类皮下__IKZF1__序号1__10x\肿瘤SK类皮下IKZF1序号1-7(10倍).tif,42.13,2026-03-23T01:22:08.000Z,
E:\data\sy2part123\sy1\肿瘤SK类皮下IKZF1序号1-8(10倍).tif,sy2part123\sy1\肿瘤SK类皮下IKZF1序号1-8(10倍).tif,肿瘤SK类皮下IKZF1序号1-8(10倍).tif,.tif,sy2part123,肿瘤SK类皮下__IKZF1__序号1__10x,肿瘤SK类皮下,序号1,IKZF1,,10x,8,8,high,sy2_specimen_marker_sequence_dash_index_magnification,肿瘤SK类皮下,dataset_by_class\肿瘤SK类皮下__IKZF1__序号1__10x\肿瘤SK类皮下IKZF1序号1-8(10倍).tif,42.96,2026-03-23T01:24:00.000Z,
E:\data\sy2part123\sy1\肿瘤SK类皮下IKZF1序号1-9(10倍).tif,sy2part123\sy1\肿瘤SK类皮下IKZF1序号1-9(10倍).tif,肿瘤SK类皮下IKZF1序号1-9(10倍).tif,.tif,sy2part123,肿瘤SK类皮下__IKZF1__序号1__10x,肿瘤SK类皮下,序号1,IKZF1,,10x,9,9,high,sy2_specimen_marker_sequence_dash_index_magnification,肿瘤SK类皮下,dataset_by_class\肿瘤SK类皮下__IKZF1__序号1__10x\肿瘤SK类皮下IKZF1序号1-9(10倍).tif,43.71,2026-03-23T01:26:14.000Z,
E:\data\sy2part123\sy1\肿瘤SK类皮下IKZF1序号2-1(10倍).tif,sy2part123\sy1\肿瘤SK类皮下IKZF1序号2-1(10倍).tif,肿瘤SK类皮下IKZF1序号2-1(10倍).tif,.tif,sy2part123,肿瘤SK类皮下__IKZF1__序号2__10x,肿瘤SK类皮下,序号2,IKZF1,,10x,1,1,high,sy2_specimen_marker_sequence_dash_index_magnification,肿瘤SK类皮下,dataset_by_class\肿瘤SK类皮下__IKZF1__序号2__10x\肿瘤SK类皮下IKZF1序号2-1(10倍).tif,43.79,2026-03-23T01:30:48.000Z,
E:\data\sy2part123\sy1\肿瘤SK类皮下IKZF1序号2-2(10倍).tif,sy2part123\sy1\肿瘤SK类皮下IKZF1序号2-2(10倍).tif,肿瘤SK类皮下IKZF1序号2-2(10倍).tif,.tif,sy2part123,肿瘤SK类皮下__IKZF1__序号2__10x,肿瘤SK类皮下,序号2,IKZF1,,10x,2,2,high,sy2_specimen_marker_sequence_dash_index_magnification,肿瘤SK类皮下,dataset_by_class\肿瘤SK类皮下__IKZF1__序号2__10x\肿瘤SK类皮下IKZF1序号2-2(10倍).tif,44.03,2026-03-23T01:31:56.000Z,
E:\data\sy2part123\sy1\肿瘤SK类皮下IKZF1序号2-3(10倍).tif,sy2part123\sy1\肿瘤SK类皮下IKZF1序号2-3(10倍).tif,肿瘤SK类皮下IKZF1序号2-3(10倍).tif,.tif,sy2part123,肿瘤SK类皮下__IKZF1__序号2__10x,肿瘤SK类皮下,序号2,IKZF1,,10x,3,3,high,sy2_specimen_marker_sequence_dash_index_magnification,肿瘤SK类皮下,dataset_by_class\肿瘤SK类皮下__IKZF1__序号2__10x\肿瘤SK类皮下IKZF1序号2-3(10倍).tif,42.95,2026-03-23T01:33:50.000Z,
E:\data\sy2part123\sy1\肿瘤SK类皮下IKZF1序号2-4(10倍).tif,sy2part123\sy1\肿瘤SK类皮下IKZF1序号2-4(10倍).tif,肿瘤SK类皮下IKZF1序号2-4(10倍).tif,.tif,sy2part123,肿瘤SK类皮下__IKZF1__序号2__10x,肿瘤SK类皮下,序号2,IKZF1,,10x,4,4,high,sy2_specimen_marker_sequence_dash_index_magnification,肿瘤SK类皮下,dataset_by_class\肿瘤SK类皮下__IKZF1__序号2__10x\肿瘤SK类皮下IKZF1序号2-4(10倍).tif,43.61,2026-03-23T01:35:08.000Z,
E:\data\sy2part123\sy1\肿瘤SK类皮下IKZF1序号2-5(10倍).tif,sy2part123\sy1\肿瘤SK类皮下IKZF1序号2-5(10倍).tif,肿瘤SK类皮下IKZF1序号2-5(10倍).tif,.tif,sy2part123,肿瘤SK类皮下__IKZF1__序号2__10x,肿瘤SK类皮下,序号2,IKZF1,,10x,5,5,high,sy2_specimen_marker_sequence_dash_index_magnification,肿瘤SK类皮下,dataset_by_class\肿瘤SK类皮下__IKZF1__序号2__10x\肿瘤SK类皮下IKZF1序号2-5(10倍).tif,41.49,2026-03-23T01:36:24.000Z,
E:\data\sy2part123\sy1\肿瘤SK类皮下IKZF1序号2-6(10倍).tif,sy2part123\sy1\肿瘤SK类皮下IKZF1序号2-6(10倍).tif,肿瘤SK类皮下IKZF1序号2-6(10倍).tif,.tif,sy2part123,肿瘤SK类皮下__IKZF1__序号2__10x,肿瘤SK类皮下,序号2,IKZF1,,10x,6,6,high,sy2_specimen_marker_sequence_dash_index_magnification,肿瘤SK类皮下,dataset_by_class\肿瘤SK类皮下__IKZF1__序号2__10x\肿瘤SK类皮下IKZF1序号2-6(10倍).tif,43.8,2026-03-23T01:37:58.000Z,
E:\data\sy2part123\sy1\肿瘤SK类皮下IKZF1序号2-7(10倍).tif,sy2part123\sy1\肿瘤SK类皮下IKZF1序号2-7(10倍).tif,肿瘤SK类皮下IKZF1序号2-7(10倍).tif,.tif,sy2part123,肿瘤SK类皮下__IKZF1__序号2__10x,肿瘤SK类皮下,序号2,IKZF1,,10x,7,7,high,sy2_specimen_marker_sequence_dash_index_magnification,肿瘤SK类皮下,dataset_by_class\肿瘤SK类皮下__IKZF1__序号2__10x\肿瘤SK类皮下IKZF1序号2-7(10倍).tif,43.59,2026-03-23T01:38:52.000Z,
E:\data\sy2part123\sy1\肿瘤SK类皮下IKZF1序号2-8(10倍).tif,sy2part123\sy1\肿瘤SK类皮下IKZF1序号2-8(10倍).tif,肿瘤SK类皮下IKZF1序号2-8(10倍).tif,.tif,sy2part123,肿瘤SK类皮下__IKZF1__序号2__10x,肿瘤SK类皮下,序号2,IKZF1,,10x,8,8,high,sy2_specimen_marker_sequence_dash_index_magnification,肿瘤SK类皮下,dataset_by_class\肿瘤SK类皮下__IKZF1__序号2__10x\肿瘤SK类皮下IKZF1序号2-8(10倍).tif,43.2,2026-03-23T01:40:04.000Z,
E:\data\sy2part123\sy1\肿瘤SK类皮下IKZF1序号3-(20倍).tif,sy2part123\sy1\肿瘤SK类皮下IKZF1序号3-(20倍).tif,肿瘤SK类皮下IKZF1序号3-(20倍).tif,.tif,sy2part123,肿瘤SK类皮下__IKZF1__序号3__20x,肿瘤SK类皮下,序号3,IKZF1,,20x,,,medium,sy2_specimen_marker_sequence_missing_index_magnification,肿瘤SK类皮下,dataset_by_class\肿瘤SK类皮下__IKZF1__序号3__20x\肿瘤SK类皮下IKZF1序号3-(20倍).tif,39.61,2026-03-24T01:15:38.000Z,missing image index after dash
E:\data\sy2part123\sy1\肿瘤SK类皮下IKZF1序号3-1(20倍).tif,sy2part123\sy1\肿瘤SK类皮下IKZF1序号3-1(20倍).tif,肿瘤SK类皮下IKZF1序号3-1(20倍).tif,.tif,sy2part123,肿瘤SK类皮下__IKZF1__序号3__20x,肿瘤SK类皮下,序号3,IKZF1,,20x,1,1,high,sy2_specimen_marker_sequence_dash_index_magnification,肿瘤SK类皮下,dataset_by_class\肿瘤SK类皮下__IKZF1__序号3__20x\肿瘤SK类皮下IKZF1序号3-1(20倍).tif,40.64,2026-03-24T01:09:08.000Z,
E:\data\sy2part123\sy1\肿瘤SK类皮下IKZF1序号3-10(20倍).tif,sy2part123\sy1\肿瘤SK类皮下IKZF1序号3-10(20倍).tif,肿瘤SK类皮下IKZF1序号3-10(20倍).tif,.tif,sy2part123,肿瘤SK类皮下__IKZF1__序号3__20x,肿瘤SK类皮下,序号3,IKZF1,,20x,10,10,high,sy2_specimen_marker_sequence_dash_index_magnification,肿瘤SK类皮下,dataset_by_class\肿瘤SK类皮下__IKZF1__序号3__20x\肿瘤SK类皮下IKZF1序号3-10(20倍).tif,40.08,2026-03-24T01:17:20.000Z,
E:\data\sy2part123\sy1\肿瘤SK类皮下IKZF1序号3-11(20倍).tif,sy2part123\sy1\肿瘤SK类皮下IKZF1序号3-11(20倍).tif,肿瘤SK类皮下IKZF1序号3-11(20倍).tif,.tif,sy2part123,肿瘤SK类皮下__IKZF1__序号3__20x,肿瘤SK类皮下,序号3,IKZF1,,20x,11,11,high,sy2_specimen_marker_sequence_dash_index_magnification,肿瘤SK类皮下,dataset_by_class\肿瘤SK类皮下__IKZF1__序号3__20x\肿瘤SK类皮下IKZF1序号3-11(20倍).tif,39.5,2026-03-24T01:18:00.000Z,
E:\data\sy2part123\sy1\肿瘤SK类皮下IKZF1序号3-12(20倍).tif,sy2part123\sy1\肿瘤SK类皮下IKZF1序号3-12(20倍).tif,肿瘤SK类皮下IKZF1序号3-12(20倍).tif,.tif,sy2part123,肿瘤SK类皮下__IKZF1__序号3__20x,肿瘤SK类皮下,序号3,IKZF1,,20x,12,12,high,sy2_specimen_marker_sequence_dash_index_magnification,肿瘤SK类皮下,dataset_by_class\肿瘤SK类皮下__IKZF1__序号3__20x\肿瘤SK类皮下IKZF1序号3-12(20倍).tif,41.64,2026-03-24T01:18:52.000Z,
E:\data\sy2part123\sy1\肿瘤SK类皮下IKZF1序号3-13(20倍).tif,sy2part123\sy1\肿瘤SK类皮下IKZF1序号3-13(20倍).tif,肿瘤SK类皮下IKZF1序号3-13(20倍).tif,.tif,sy2part123,肿瘤SK类皮下__IKZF1__序号3__20x,肿瘤SK类皮下,序号3,IKZF1,,20x,13,13,high,sy2_specimen_marker_sequence_dash_index_magnification,肿瘤SK类皮下,dataset_by_class\肿瘤SK类皮下__IKZF1__序号3__20x\肿瘤SK类皮下IKZF1序号3-13(20倍).tif,39.06,2026-03-24T01:19:34.000Z,
E:\data\sy2part123\sy1\肿瘤SK类皮下IKZF1序号3-14(20倍).tif,sy2part123\sy1\肿瘤SK类皮下IKZF1序号3-14(20倍).tif,肿瘤SK类皮下IKZF1序号3-14(20倍).tif,.tif,sy2part123,肿瘤SK类皮下__IKZF1__序号3__20x,肿瘤SK类皮下,序号3,IKZF1,,20x,14,14,high,sy2_specimen_marker_sequence_dash_index_magnification,肿瘤SK类皮下,dataset_by_class\肿瘤SK类皮下__IKZF1__序号3__20x\肿瘤SK类皮下IKZF1序号3-14(20倍).tif,40,2026-03-24T01:20:20.000Z,
E:\data\sy2part123\sy1\肿瘤SK类皮下IKZF1序号3-15(20倍).tif,sy2part123\sy1\肿瘤SK类皮下IKZF1序号3-15(20倍).tif,肿瘤SK类皮下IKZF1序号3-15(20倍).tif,.tif,sy2part123,肿瘤SK类皮下__IKZF1__序号3__20x,肿瘤SK类皮下,序号3,IKZF1,,20x,15,15,high,sy2_specimen_marker_sequence_dash_index_magnification,肿瘤SK类皮下,dataset_by_class\肿瘤SK类皮下__IKZF1__序号3__20x\肿瘤SK类皮下IKZF1序号3-15(20倍).tif,40.31,2026-03-24T01:20:48.000Z,
E:\data\sy2part123\sy1\肿瘤SK类皮下IKZF1序号3-2(20倍).tif,sy2part123\sy1\肿瘤SK类皮下IKZF1序号3-2(20倍).tif,肿瘤SK类皮下IKZF1序号3-2(20倍).tif,.tif,sy2part123,肿瘤SK类皮下__IKZF1__序号3__20x,肿瘤SK类皮下,序号3,IKZF1,,20x,2,2,high,sy2_specimen_marker_sequence_dash_index_magnification,肿瘤SK类皮下,dataset_by_class\肿瘤SK类皮下__IKZF1__序号3__20x\肿瘤SK类皮下IKZF1序号3-2(20倍).tif,39.72,2026-03-24T01:10:52.000Z,
E:\data\sy2part123\sy1\肿瘤SK类皮下IKZF1序号3-3(20倍).tif,sy2part123\sy1\肿瘤SK类皮下IKZF1序号3-3(20倍).tif,肿瘤SK类皮下IKZF1序号3-3(20倍).tif,.tif,sy2part123,肿瘤SK类皮下__IKZF1__序号3__20x,肿瘤SK类皮下,序号3,IKZF1,,20x,3,3,high,sy2_specimen_marker_sequence_dash_index_magnification,肿瘤SK类皮下,dataset_by_class\肿瘤SK类皮下__IKZF1__序号3__20x\肿瘤SK类皮下IKZF1序号3-3(20倍).tif,40.17,2026-03-24T01:11:54.000Z,
E:\data\sy2part123\sy1\肿瘤SK类皮下IKZF1序号3-4(20倍).tif,sy2part123\sy1\肿瘤SK类皮下IKZF1序号3-4(20倍).tif,肿瘤SK类皮下IKZF1序号3-4(20倍).tif,.tif,sy2part123,肿瘤SK类皮下__IKZF1__序号3__20x,肿瘤SK类皮下,序号3,IKZF1,,20x,4,4,high,sy2_specimen_marker_sequence_dash_index_magnification,肿瘤SK类皮下,dataset_by_class\肿瘤SK类皮下__IKZF1__序号3__20x\肿瘤SK类皮下IKZF1序号3-4(20倍).tif,40.51,2026-03-24T01:12:40.000Z,
E:\data\sy2part123\sy1\肿瘤SK类皮下IKZF1序号3-5(20倍).tif,sy2part123\sy1\肿瘤SK类皮下IKZF1序号3-5(20倍).tif,肿瘤SK类皮下IKZF1序号3-5(20倍).tif,.tif,sy2part123,肿瘤SK类皮下__IKZF1__序号3__20x,肿瘤SK类皮下,序号3,IKZF1,,20x,5,5,high,sy2_specimen_marker_sequence_dash_index_magnification,肿瘤SK类皮下,dataset_by_class\肿瘤SK类皮下__IKZF1__序号3__20x\肿瘤SK类皮下IKZF1序号3-5(20倍).tif,40.61,2026-03-24T01:13:18.000Z,
E:\data\sy2part123\sy1\肿瘤SK类皮下IKZF1序号3-6(20倍).tif,sy2part123\sy1\肿瘤SK类皮下IKZF1序号3-6(20倍).tif,肿瘤SK类皮下IKZF1序号3-6(20倍).tif,.tif,sy2part123,肿瘤SK类皮下__IKZF1__序号3__20x,肿瘤SK类皮下,序号3,IKZF1,,20x,6,6,high,sy2_specimen_marker_sequence_dash_index_magnification,肿瘤SK类皮下,dataset_by_class\肿瘤SK类皮下__IKZF1__序号3__20x\肿瘤SK类皮下IKZF1序号3-6(20倍).tif,40.37,2026-03-24T01:13:52.000Z,
E:\data\sy2part123\sy1\肿瘤SK类皮下IKZF1序号3-7(20倍).tif,sy2part123\sy1\肿瘤SK类皮下IKZF1序号3-7(20倍).tif,肿瘤SK类皮下IKZF1序号3-7(20倍).tif,.tif,sy2part123,肿瘤SK类皮下__IKZF1__序号3__20x,肿瘤SK类皮下,序号3,IKZF1,,20x,7,7,high,sy2_specimen_marker_sequence_dash_index_magnification,肿瘤SK类皮下,dataset_by_class\肿瘤SK类皮下__IKZF1__序号3__20x\肿瘤SK类皮下IKZF1序号3-7(20倍).tif,39.23,2026-03-24T01:14:38.000Z,
E:\data\sy2part123\sy1\肿瘤SK类皮下IKZF1序号3-8(20倍).tif,sy2part123\sy1\肿瘤SK类皮下IKZF1序号3-8(20倍).tif,肿瘤SK类皮下IKZF1序号3-8(20倍).tif,.tif,sy2part123,肿瘤SK类皮下__IKZF1__序号3__20x,肿瘤SK类皮下,序号3,IKZF1,,20x,8,8,high,sy2_specimen_marker_sequence_dash_index_magnification,肿瘤SK类皮下,dataset_by_class\肿瘤SK类皮下__IKZF1__序号3__20x\肿瘤SK类皮下IKZF1序号3-8(20倍).tif,39.56,2026-03-24T01:15:20.000Z,
E:\data\sy2part123\sy1\肿瘤SK类皮下IKZF1序号3-9(20倍).tif,sy2part123\sy1\肿瘤SK类皮下IKZF1序号3-9(20倍).tif,肿瘤SK类皮下IKZF1序号3-9(20倍).tif,.tif,sy2part123,肿瘤SK类皮下__IKZF1__序号3__20x,肿瘤SK类皮下,序号3,IKZF1,,20x,9,9,high,sy2_specimen_marker_sequence_dash_index_magnification,肿瘤SK类皮下,dataset_by_class\肿瘤SK类皮下__IKZF1__序号3__20x\肿瘤SK类皮下IKZF1序号3-9(20倍).tif,39.74,2026-03-24T01:16:40.000Z,
E:\data\sy2part123\sy1\肿瘤SK类皮下IKZF1序号4-1（20倍）.tif,sy2part123\sy1\肿瘤SK类皮下IKZF1序号4-1（20倍）.tif,肿瘤SK类皮下IKZF1序号4-1（20倍）.tif,.tif,sy2part123,肿瘤SK类皮下__IKZF1__序号4__20x,肿瘤SK类皮下,序号4,IKZF1,,20x,1,1,high,sy2_specimen_marker_sequence_dash_index_magnification,肿瘤SK类皮下,dataset_by_class\肿瘤SK类皮下__IKZF1__序号4__20x\肿瘤SK类皮下IKZF1序号4-1（20倍）.tif,41.34,2026-03-24T01:31:52.000Z,
E:\data\sy2part123\sy1\肿瘤SK类皮下IKZF1序号4-10（20倍）.tif,sy2part123\sy1\肿瘤SK类皮下IKZF1序号4-10（20倍）.tif,肿瘤SK类皮下IKZF1序号4-10（20倍）.tif,.tif,sy2part123,肿瘤SK类皮下__IKZF1__序号4__20x,肿瘤SK类皮下,序号4,IKZF1,,20x,10,10,high,sy2_specimen_marker_sequence_dash_index_magnification,肿瘤SK类皮下,dataset_by_class\肿瘤SK类皮下__IKZF1__序号4__20x\肿瘤SK类皮下IKZF1序号4-10（20倍）.tif,39.61,2026-03-24T01:38:08.000Z,
E:\data\sy2part123\sy1\肿瘤SK类皮下IKZF1序号4-11（20倍）.tif,sy2part123\sy1\肿瘤SK类皮下IKZF1序号4-11（20倍）.tif,肿瘤SK类皮下IKZF1序号4-11（20倍）.tif,.tif,sy2part123,肿瘤SK类皮下__IKZF1__序号4__20x,肿瘤SK类皮下,序号4,IKZF1,,20x,11,11,high,sy2_specimen_marker_sequence_dash_index_magnification,肿瘤SK类皮下,dataset_by_class\肿瘤SK类皮下__IKZF1__序号4__20x\肿瘤SK类皮下IKZF1序号4-11（20倍）.tif,39.28,2026-03-24T01:38:38.000Z,
E:\data\sy2part123\sy1\肿瘤SK类皮下IKZF1序号4-12（20倍）.tif,sy2part123\sy1\肿瘤SK类皮下IKZF1序号4-12（20倍）.tif,肿瘤SK类皮下IKZF1序号4-12（20倍）.tif,.tif,sy2part123,肿瘤SK类皮下__IKZF1__序号4__20x,肿瘤SK类皮下,序号4,IKZF1,,20x,12,12,high,sy2_specimen_marker_sequence_dash_index_magnification,肿瘤SK类皮下,dataset_by_class\肿瘤SK类皮下__IKZF1__序号4__20x\肿瘤SK类皮下IKZF1序号4-12（20倍）.tif,40.51,2026-03-24T01:39:12.000Z,
E:\data\sy2part123\sy1\肿瘤SK类皮下IKZF1序号4-13（20倍）.tif,sy2part123\sy1\肿瘤SK类皮下IKZF1序号4-13（20倍）.tif,肿瘤SK类皮下IKZF1序号4-13（20倍）.tif,.tif,sy2part123,肿瘤SK类皮下__IKZF1__序号4__20x,肿瘤SK类皮下,序号4,IKZF1,,20x,13,13,high,sy2_specimen_marker_sequence_dash_index_magnification,肿瘤SK类皮下,dataset_by_class\肿瘤SK类皮下__IKZF1__序号4__20x\肿瘤SK类皮下IKZF1序号4-13（20倍）.tif,39.72,2026-03-24T01:39:42.000Z,
E:\data\sy2part123\sy1\肿瘤SK类皮下IKZF1序号4-14（20倍）.tif,sy2part123\sy1\肿瘤SK类皮下IKZF1序号4-14（20倍）.tif,肿瘤SK类皮下IKZF1序号4-14（20倍）.tif,.tif,sy2part123,肿瘤SK类皮下__IKZF1__序号4__20x,肿瘤SK类皮下,序号4,IKZF1,,20x,14,14,high,sy2_specimen_marker_sequence_dash_index_magnification,肿瘤SK类皮下,dataset_by_class\肿瘤SK类皮下__IKZF1__序号4__20x\肿瘤SK类皮下IKZF1序号4-14（20倍）.tif,40.61,2026-03-24T01:40:12.000Z,
E:\data\sy2part123\sy1\肿瘤SK类皮下IKZF1序号4-15（20倍）.tif,sy2part123\sy1\肿瘤SK类皮下IKZF1序号4-15（20倍）.tif,肿瘤SK类皮下IKZF1序号4-15（20倍）.tif,.tif,sy2part123,肿瘤SK类皮下__IKZF1__序号4__20x,肿瘤SK类皮下,序号4,IKZF1,,20x,15,15,high,sy2_specimen_marker_sequence_dash_index_magnification,肿瘤SK类皮下,dataset_by_class\肿瘤SK类皮下__IKZF1__序号4__20x\肿瘤SK类皮下IKZF1序号4-15（20倍）.tif,40.65,2026-03-24T01:40:40.000Z,
E:\data\sy2part123\sy1\肿瘤SK类皮下IKZF1序号4-2（20倍）.tif,sy2part123\sy1\肿瘤SK类皮下IKZF1序号4-2（20倍）.tif,肿瘤SK类皮下IKZF1序号4-2（20倍）.tif,.tif,sy2part123,肿瘤SK类皮下__IKZF1__序号4__20x,肿瘤SK类皮下,序号4,IKZF1,,20x,2,2,high,sy2_specimen_marker_sequence_dash_index_magnification,肿瘤SK类皮下,dataset_by_class\肿瘤SK类皮下__IKZF1__序号4__20x\肿瘤SK类皮下IKZF1序号4-2（20倍）.tif,39.01,2026-03-24T01:33:22.000Z,
E:\data\sy2part123\sy1\肿瘤SK类皮下IKZF1序号4-3（20倍）.tif,sy2part123\sy1\肿瘤SK类皮下IKZF1序号4-3（20倍）.tif,肿瘤SK类皮下IKZF1序号4-3（20倍）.tif,.tif,sy2part123,肿瘤SK类皮下__IKZF1__序号4__20x,肿瘤SK类皮下,序号4,IKZF1,,20x,3,3,high,sy2_specimen_marker_sequence_dash_index_magnification,肿瘤SK类皮下,dataset_by_class\肿瘤SK类皮下__IKZF1__序号4__20x\肿瘤SK类皮下IKZF1序号4-3（20倍）.tif,40.12,2026-03-24T01:34:02.000Z,
E:\data\sy2part123\sy1\肿瘤SK类皮下IKZF1序号4-4（20倍）.tif,sy2part123\sy1\肿瘤SK类皮下IKZF1序号4-4（20倍）.tif,肿瘤SK类皮下IKZF1序号4-4（20倍）.tif,.tif,sy2part123,肿瘤SK类皮下__IKZF1__序号4__20x,肿瘤SK类皮下,序号4,IKZF1,,20x,4,4,high,sy2_specimen_marker_sequence_dash_index_magnification,肿瘤SK类皮下,dataset_by_class\肿瘤SK类皮下__IKZF1__序号4__20x\肿瘤SK类皮下IKZF1序号4-4（20倍）.tif,39.34,2026-03-24T01:34:46.000Z,
E:\data\sy2part123\sy1\肿瘤SK类皮下IKZF1序号4-5（20倍）.tif,sy2part123\sy1\肿瘤SK类皮下IKZF1序号4-5（20倍）.tif,肿瘤SK类皮下IKZF1序号4-5（20倍）.tif,.tif,sy2part123,肿瘤SK类皮下__IKZF1__序号4__20x,肿瘤SK类皮下,序号4,IKZF1,,20x,5,5,high,sy2_specimen_marker_sequence_dash_index_magnification,肿瘤SK类皮下,dataset_by_class\肿瘤SK类皮下__IKZF1__序号4__20x\肿瘤SK类皮下IKZF1序号4-5（20倍）.tif,40.26,2026-03-24T01:35:20.000Z,
E:\data\sy2part123\sy1\肿瘤SK类皮下IKZF1序号4-6（20倍）.tif,sy2part123\sy1\肿瘤SK类皮下IKZF1序号4-6（20倍）.tif,肿瘤SK类皮下IKZF1序号4-6（20倍）.tif,.tif,sy2part123,肿瘤SK类皮下__IKZF1__序号4__20x,肿瘤SK类皮下,序号4,IKZF1,,20x,6,6,high,sy2_specimen_marker_sequence_dash_index_magnification,肿瘤SK类皮下,dataset_by_class\肿瘤SK类皮下__IKZF1__序号4__20x\肿瘤SK类皮下IKZF1序号4-6（20倍）.tif,40,2026-03-24T01:35:42.000Z,
E:\data\sy2part123\sy1\肿瘤SK类皮下IKZF1序号4-7（20倍）.tif,sy2part123\sy1\肿瘤SK类皮下IKZF1序号4-7（20倍）.tif,肿瘤SK类皮下IKZF1序号4-7（20倍）.tif,.tif,sy2part123,肿瘤SK类皮下__IKZF1__序号4__20x,肿瘤SK类皮下,序号4,IKZF1,,20x,7,7,high,sy2_specimen_marker_sequence_dash_index_magnification,肿瘤SK类皮下,dataset_by_class\肿瘤SK类皮下__IKZF1__序号4__20x\肿瘤SK类皮下IKZF1序号4-7（20倍）.tif,40.53,2026-03-24T01:36:10.000Z,
E:\data\sy2part123\sy1\肿瘤SK类皮下IKZF1序号4-8（20倍）.tif,sy2part123\sy1\肿瘤SK类皮下IKZF1序号4-8（20倍）.tif,肿瘤SK类皮下IKZF1序号4-8（20倍）.tif,.tif,sy2part123,肿瘤SK类皮下__IKZF1__序号4__20x,肿瘤SK类皮下,序号4,IKZF1,,20x,8,8,high,sy2_specimen_marker_sequence_dash_index_magnification,肿瘤SK类皮下,dataset_by_class\肿瘤SK类皮下__IKZF1__序号4__20x\肿瘤SK类皮下IKZF1序号4-8（20倍）.tif,39.3,2026-03-24T01:36:54.000Z,
E:\data\sy2part123\sy1\肿瘤SK类皮下IKZF1序号4-9（20倍）.tif,sy2part123\sy1\肿瘤SK类皮下IKZF1序号4-9（20倍）.tif,肿瘤SK类皮下IKZF1序号4-9（20倍）.tif,.tif,sy2part123,肿瘤SK类皮下__IKZF1__序号4__20x,肿瘤SK类皮下,序号4,IKZF1,,20x,9,9,high,sy2_specimen_marker_sequence_dash_index_magnification,肿瘤SK类皮下,dataset_by_class\肿瘤SK类皮下__IKZF1__序号4__20x\肿瘤SK类皮下IKZF1序号4-9（20倍）.tif,40.01,2026-03-24T01:37:24.000Z,
E:\data\sy2part123\sy1\肿瘤SK类皮下IKZF1序号5-1（20倍）.tif,sy2part123\sy1\肿瘤SK类皮下IKZF1序号5-1（20倍）.tif,肿瘤SK类皮下IKZF1序号5-1（20倍）.tif,.tif,sy2part123,肿瘤SK类皮下__IKZF1__序号5__20x,肿瘤SK类皮下,序号5,IKZF1,,20x,1,1,high,sy2_specimen_marker_sequence_dash_index_magnification,肿瘤SK类皮下,dataset_by_class\肿瘤SK类皮下__IKZF1__序号5__20x\肿瘤SK类皮下IKZF1序号5-1（20倍）.tif,39.25,2026-03-24T01:41:58.000Z,
E:\data\sy2part123\sy1\肿瘤SK类皮下IKZF1序号5-10（20倍）.tif,sy2part123\sy1\肿瘤SK类皮下IKZF1序号5-10（20倍）.tif,肿瘤SK类皮下IKZF1序号5-10（20倍）.tif,.tif,sy2part123,肿瘤SK类皮下__IKZF1__序号5__20x,肿瘤SK类皮下,序号5,IKZF1,,20x,10,10,high,sy2_specimen_marker_sequence_dash_index_magnification,肿瘤SK类皮下,dataset_by_class\肿瘤SK类皮下__IKZF1__序号5__20x\肿瘤SK类皮下IKZF1序号5-10（20倍）.tif,40.53,2026-03-24T01:48:00.000Z,
E:\data\sy2part123\sy1\肿瘤SK类皮下IKZF1序号5-11（20倍）.tif,sy2part123\sy1\肿瘤SK类皮下IKZF1序号5-11（20倍）.tif,肿瘤SK类皮下IKZF1序号5-11（20倍）.tif,.tif,sy2part123,肿瘤SK类皮下__IKZF1__序号5__20x,肿瘤SK类皮下,序号5,IKZF1,,20x,11,11,high,sy2_specimen_marker_sequence_dash_index_magnification,肿瘤SK类皮下,dataset_by_class\肿瘤SK类皮下__IKZF1__序号5__20x\肿瘤SK类皮下IKZF1序号5-11（20倍）.tif,40.69,2026-03-24T01:48:34.000Z,
E:\data\sy2part123\sy1\肿瘤SK类皮下IKZF1序号5-12（20倍）.tif,sy2part123\sy1\肿瘤SK类皮下IKZF1序号5-12（20倍）.tif,肿瘤SK类皮下IKZF1序号5-12（20倍）.tif,.tif,sy2part123,肿瘤SK类皮下__IKZF1__序号5__20x,肿瘤SK类皮下,序号5,IKZF1,,20x,12,12,high,sy2_specimen_marker_sequence_dash_index_magnification,肿瘤SK类皮下,dataset_by_class\肿瘤SK类皮下__IKZF1__序号5__20x\肿瘤SK类皮下IKZF1序号5-12（20倍）.tif,40.99,2026-03-24T01:49:20.000Z,
E:\data\sy2part123\sy1\肿瘤SK类皮下IKZF1序号5-13（20倍）.tif,sy2part123\sy1\肿瘤SK类皮下IKZF1序号5-13（20倍）.tif,肿瘤SK类皮下IKZF1序号5-13（20倍）.tif,.tif,sy2part123,肿瘤SK类皮下__IKZF1__序号5__20x,肿瘤SK类皮下,序号5,IKZF1,,20x,13,13,high,sy2_specimen_marker_sequence_dash_index_magnification,肿瘤SK类皮下,dataset_by_class\肿瘤SK类皮下__IKZF1__序号5__20x\肿瘤SK类皮下IKZF1序号5-13（20倍）.tif,39.67,2026-03-24T01:49:46.000Z,
E:\data\sy2part123\sy1\肿瘤SK类皮下IKZF1序号5-14（20倍）.tif,sy2part123\sy1\肿瘤SK类皮下IKZF1序号5-14（20倍）.tif,肿瘤SK类皮下IKZF1序号5-14（20倍）.tif,.tif,sy2part123,肿瘤SK类皮下__IKZF1__序号5__20x,肿瘤SK类皮下,序号5,IKZF1,,20x,14,14,high,sy2_specimen_marker_sequence_dash_index_magnification,肿瘤SK类皮下,dataset_by_class\肿瘤SK类皮下__IKZF1__序号5__20x\肿瘤SK类皮下IKZF1序号5-14（20倍）.tif,40.15,2026-03-24T01:50:18.000Z,
E:\data\sy2part123\sy1\肿瘤SK类皮下IKZF1序号5-15（20倍）.tif,sy2part123\sy1\肿瘤SK类皮下IKZF1序号5-15（20倍）.tif,肿瘤SK类皮下IKZF1序号5-15（20倍）.tif,.tif,sy2part123,肿瘤SK类皮下__IKZF1__序号5__20x,肿瘤SK类皮下,序号5,IKZF1,,20x,15,15,high,sy2_specimen_marker_sequence_dash_index_magnification,肿瘤SK类皮下,dataset_by_class\肿瘤SK类皮下__IKZF1__序号5__20x\肿瘤SK类皮下IKZF1序号5-15（20倍）.tif,40.45,2026-03-24T01:50:46.000Z,
E:\data\sy2part123\sy1\肿瘤SK类皮下IKZF1序号5-2（20倍）.tif,sy2part123\sy1\肿瘤SK类皮下IKZF1序号5-2（20倍）.tif,肿瘤SK类皮下IKZF1序号5-2（20倍）.tif,.tif,sy2part123,肿瘤SK类皮下__IKZF1__序号5__20x,肿瘤SK类皮下,序号5,IKZF1,,20x,2,2,high,sy2_specimen_marker_sequence_dash_index_magnification,肿瘤SK类皮下,dataset_by_class\肿瘤SK类皮下__IKZF1__序号5__20x\肿瘤SK类皮下IKZF1序号5-2（20倍）.tif,39.94,2026-03-24T01:42:32.000Z,
E:\data\sy2part123\sy1\肿瘤SK类皮下IKZF1序号5-3（20倍）.tif,sy2part123\sy1\肿瘤SK类皮下IKZF1序号5-3（20倍）.tif,肿瘤SK类皮下IKZF1序号5-3（20倍）.tif,.tif,sy2part123,肿瘤SK类皮下__IKZF1__序号5__20x,肿瘤SK类皮下,序号5,IKZF1,,20x,3,3,high,sy2_specimen_marker_sequence_dash_index_magnification,肿瘤SK类皮下,dataset_by_class\肿瘤SK类皮下__IKZF1__序号5__20x\肿瘤SK类皮下IKZF1序号5-3（20倍）.tif,41.24,2026-03-24T01:43:06.000Z,
E:\data\sy2part123\sy1\肿瘤SK类皮下IKZF1序号5-4（20倍）.tif,sy2part123\sy1\肿瘤SK类皮下IKZF1序号5-4（20倍）.tif,肿瘤SK类皮下IKZF1序号5-4（20倍）.tif,.tif,sy2part123,肿瘤SK类皮下__IKZF1__序号5__20x,肿瘤SK类皮下,序号5,IKZF1,,20x,4,4,high,sy2_specimen_marker_sequence_dash_index_magnification,肿瘤SK类皮下,dataset_by_class\肿瘤SK类皮下__IKZF1__序号5__20x\肿瘤SK类皮下IKZF1序号5-4（20倍）.tif,41.22,2026-03-24T01:43:42.000Z,
E:\data\sy2part123\sy1\肿瘤SK类皮下IKZF1序号5-5（20倍）.tif,sy2part123\sy1\肿瘤SK类皮下IKZF1序号5-5（20倍）.tif,肿瘤SK类皮下IKZF1序号5-5（20倍）.tif,.tif,sy2part123,肿瘤SK类皮下__IKZF1__序号5__20x,肿瘤SK类皮下,序号5,IKZF1,,20x,5,5,high,sy2_specimen_marker_sequence_dash_index_magnification,肿瘤SK类皮下,dataset_by_class\肿瘤SK类皮下__IKZF1__序号5__20x\肿瘤SK类皮下IKZF1序号5-5（20倍）.tif,40.9,2026-03-24T01:44:16.000Z,
E:\data\sy2part123\sy1\肿瘤SK类皮下IKZF1序号5-6（20倍）.tif,sy2part123\sy1\肿瘤SK类皮下IKZF1序号5-6（20倍）.tif,肿瘤SK类皮下IKZF1序号5-6（20倍）.tif,.tif,sy2part123,肿瘤SK类皮下__IKZF1__序号5__20x,肿瘤SK类皮下,序号5,IKZF1,,20x,6,6,high,sy2_specimen_marker_sequence_dash_index_magnification,肿瘤SK类皮下,dataset_by_class\肿瘤SK类皮下__IKZF1__序号5__20x\肿瘤SK类皮下IKZF1序号5-6（20倍）.tif,40.08,2026-03-24T01:45:06.000Z,
E:\data\sy2part123\sy1\肿瘤SK类皮下IKZF1序号5-7（20倍）.tif,sy2part123\sy1\肿瘤SK类皮下IKZF1序号5-7（20倍）.tif,肿瘤SK类皮下IKZF1序号5-7（20倍）.tif,.tif,sy2part123,肿瘤SK类皮下__IKZF1__序号5__20x,肿瘤SK类皮下,序号5,IKZF1,,20x,7,7,high,sy2_specimen_marker_sequence_dash_index_magnification,肿瘤SK类皮下,dataset_by_class\肿瘤SK类皮下__IKZF1__序号5__20x\肿瘤SK类皮下IKZF1序号5-7（20倍）.tif,40.37,2026-03-24T01:45:44.000Z,
E:\data\sy2part123\sy1\肿瘤SK类皮下IKZF1序号5-8（20倍）.tif,sy2part123\sy1\肿瘤SK类皮下IKZF1序号5-8（20倍）.tif,肿瘤SK类皮下IKZF1序号5-8（20倍）.tif,.tif,sy2part123,肿瘤SK类皮下__IKZF1__序号5__20x,肿瘤SK类皮下,序号5,IKZF1,,20x,8,8,high,sy2_specimen_marker_sequence_dash_index_magnification,肿瘤SK类皮下,dataset_by_class\肿瘤SK类皮下__IKZF1__序号5__20x\肿瘤SK类皮下IKZF1序号5-8（20倍）.tif,40.63,2026-03-24T01:46:44.000Z,
E:\data\sy2part123\sy1\肿瘤SK类皮下IKZF1序号5-9（20倍）.tif,sy2part123\sy1\肿瘤SK类皮下IKZF1序号5-9（20倍）.tif,肿瘤SK类皮下IKZF1序号5-9（20倍）.tif,.tif,sy2part123,肿瘤SK类皮下__IKZF1__序号5__20x,肿瘤SK类皮下,序号5,IKZF1,,20x,9,9,high,sy2_specimen_marker_sequence_dash_index_magnification,肿瘤SK类皮下,dataset_by_class\肿瘤SK类皮下__IKZF1__序号5__20x\肿瘤SK类皮下IKZF1序号5-9（20倍）.tif,40.37,2026-03-24T01:47:28.000Z,
E:\data\sy2part123\sy1\肿瘤SK类皮下MFAP4序号1-1（20倍）.tif,sy2part123\sy1\肿瘤SK类皮下MFAP4序号1-1（20倍）.tif,肿瘤SK类皮下MFAP4序号1-1（20倍）.tif,.tif,sy2part123,肿瘤SK类皮下__MFAP4__序号1__20x,肿瘤SK类皮下,序号1,MFAP4,,20x,1,1,high,sy2_specimen_marker_sequence_dash_index_magnification,肿瘤SK类皮下,dataset_by_class\肿瘤SK类皮下__MFAP4__序号1__20x\肿瘤SK类皮下MFAP4序号1-1（20倍）.tif,40.26,2026-03-24T01:52:38.000Z,
E:\data\sy2part123\sy1\肿瘤SK类皮下MFAP4序号1-10（20倍）.tif,sy2part123\sy1\肿瘤SK类皮下MFAP4序号1-10（20倍）.tif,肿瘤SK类皮下MFAP4序号1-10（20倍）.tif,.tif,sy2part123,肿瘤SK类皮下__MFAP4__序号1__20x,肿瘤SK类皮下,序号1,MFAP4,,20x,10,10,high,sy2_specimen_marker_sequence_dash_index_magnification,肿瘤SK类皮下,dataset_by_class\肿瘤SK类皮下__MFAP4__序号1__20x\肿瘤SK类皮下MFAP4序号1-10（20倍）.tif,36.04,2026-03-24T01:58:48.000Z,
E:\data\sy2part123\sy1\肿瘤SK类皮下MFAP4序号1-11（20倍）.tif,sy2part123\sy1\肿瘤SK类皮下MFAP4序号1-11（20倍）.tif,肿瘤SK类皮下MFAP4序号1-11（20倍）.tif,.tif,sy2part123,肿瘤SK类皮下__MFAP4__序号1__20x,肿瘤SK类皮下,序号1,MFAP4,,20x,11,11,high,sy2_specimen_marker_sequence_dash_index_magnification,肿瘤SK类皮下,dataset_by_class\肿瘤SK类皮下__MFAP4__序号1__20x\肿瘤SK类皮下MFAP4序号1-11（20倍）.tif,38.78,2026-03-24T01:59:22.000Z,
E:\data\sy2part123\sy1\肿瘤SK类皮下MFAP4序号1-12（20倍）.tif,sy2part123\sy1\肿瘤SK类皮下MFAP4序号1-12（20倍）.tif,肿瘤SK类皮下MFAP4序号1-12（20倍）.tif,.tif,sy2part123,肿瘤SK类皮下__MFAP4__序号1__20x,肿瘤SK类皮下,序号1,MFAP4,,20x,12,12,high,sy2_specimen_marker_sequence_dash_index_magnification,肿瘤SK类皮下,dataset_by_class\肿瘤SK类皮下__MFAP4__序号1__20x\肿瘤SK类皮下MFAP4序号1-12（20倍）.tif,38.38,2026-03-24T02:00:14.000Z,
E:\data\sy2part123\sy1\肿瘤SK类皮下MFAP4序号1-13（20倍）.tif,sy2part123\sy1\肿瘤SK类皮下MFAP4序号1-13（20倍）.tif,肿瘤SK类皮下MFAP4序号1-13（20倍）.tif,.tif,sy2part123,肿瘤SK类皮下__MFAP4__序号1__20x,肿瘤SK类皮下,序号1,MFAP4,,20x,13,13,high,sy2_specimen_marker_sequence_dash_index_magnification,肿瘤SK类皮下,dataset_by_class\肿瘤SK类皮下__MFAP4__序号1__20x\肿瘤SK类皮下MFAP4序号1-13（20倍）.tif,40.05,2026-03-24T02:00:48.000Z,
E:\data\sy2part123\sy1\肿瘤SK类皮下MFAP4序号1-14（20倍）.tif,sy2part123\sy1\肿瘤SK类皮下MFAP4序号1-14（20倍）.tif,肿瘤SK类皮下MFAP4序号1-14（20倍）.tif,.tif,sy2part123,肿瘤SK类皮下__MFAP4__序号1__20x,肿瘤SK类皮下,序号1,MFAP4,,20x,14,14,high,sy2_specimen_marker_sequence_dash_index_magnification,肿瘤SK类皮下,dataset_by_class\肿瘤SK类皮下__MFAP4__序号1__20x\肿瘤SK类皮下MFAP4序号1-14（20倍）.tif,38.95,2026-03-24T02:01:24.000Z,
E:\data\sy2part123\sy1\肿瘤SK类皮下MFAP4序号1-15（20倍）.tif,sy2part123\sy1\肿瘤SK类皮下MFAP4序号1-15（20倍）.tif,肿瘤SK类皮下MFAP4序号1-15（20倍）.tif,.tif,sy2part123,肿瘤SK类皮下__MFAP4__序号1__20x,肿瘤SK类皮下,序号1,MFAP4,,20x,15,15,high,sy2_specimen_marker_sequence_dash_index_magnification,肿瘤SK类皮下,dataset_by_class\肿瘤SK类皮下__MFAP4__序号1__20x\肿瘤SK类皮下MFAP4序号1-15（20倍）.tif,38.83,2026-03-24T02:02:12.000Z,
E:\data\sy2part123\sy1\肿瘤SK类皮下MFAP4序号1-2（20倍）.tif,sy2part123\sy1\肿瘤SK类皮下MFAP4序号1-2（20倍）.tif,肿瘤SK类皮下MFAP4序号1-2（20倍）.tif,.tif,sy2part123,肿瘤SK类皮下__MFAP4__序号1__20x,肿瘤SK类皮下,序号1,MFAP4,,20x,2,2,high,sy2_specimen_marker_sequence_dash_index_magnification,肿瘤SK类皮下,dataset_by_class\肿瘤SK类皮下__MFAP4__序号1__20x\肿瘤SK类皮下MFAP4序号1-2（20倍）.tif,40.15,2026-03-24T01:53:56.000Z,
E:\data\sy2part123\sy1\肿瘤SK类皮下MFAP4序号1-3（20倍）.tif,sy2part123\sy1\肿瘤SK类皮下MFAP4序号1-3（20倍）.tif,肿瘤SK类皮下MFAP4序号1-3（20倍）.tif,.tif,sy2part123,肿瘤SK类皮下__MFAP4__序号1__20x,肿瘤SK类皮下,序号1,MFAP4,,20x,3,3,high,sy2_specimen_marker_sequence_dash_index_magnification,肿瘤SK类皮下,dataset_by_class\肿瘤SK类皮下__MFAP4__序号1__20x\肿瘤SK类皮下MFAP4序号1-3（20倍）.tif,39.31,2026-03-24T01:54:32.000Z,
E:\data\sy2part123\sy1\肿瘤SK类皮下MFAP4序号1-4（20倍）.tif,sy2part123\sy1\肿瘤SK类皮下MFAP4序号1-4（20倍）.tif,肿瘤SK类皮下MFAP4序号1-4（20倍）.tif,.tif,sy2part123,肿瘤SK类皮下__MFAP4__序号1__20x,肿瘤SK类皮下,序号1,MFAP4,,20x,4,4,high,sy2_specimen_marker_sequence_dash_index_magnification,肿瘤SK类皮下,dataset_by_class\肿瘤SK类皮下__MFAP4__序号1__20x\肿瘤SK类皮下MFAP4序号1-4（20倍）.tif,40.14,2026-03-24T01:55:02.000Z,
E:\data\sy2part123\sy1\肿瘤SK类皮下MFAP4序号1-5（20倍）.tif,sy2part123\sy1\肿瘤SK类皮下MFAP4序号1-5（20倍）.tif,肿瘤SK类皮下MFAP4序号1-5（20倍）.tif,.tif,sy2part123,肿瘤SK类皮下__MFAP4__序号1__20x,肿瘤SK类皮下,序号1,MFAP4,,20x,5,5,high,sy2_specimen_marker_sequence_dash_index_magnification,肿瘤SK类皮下,dataset_by_class\肿瘤SK类皮下__MFAP4__序号1__20x\肿瘤SK类皮下MFAP4序号1-5（20倍）.tif,33.78,2026-03-24T01:56:12.000Z,
E:\data\sy2part123\sy1\肿瘤SK类皮下MFAP4序号1-6（20倍）.tif,sy2part123\sy1\肿瘤SK类皮下MFAP4序号1-6（20倍）.tif,肿瘤SK类皮下MFAP4序号1-6（20倍）.tif,.tif,sy2part123,肿瘤SK类皮下__MFAP4__序号1__20x,肿瘤SK类皮下,序号1,MFAP4,,20x,6,6,high,sy2_specimen_marker_sequence_dash_index_magnification,肿瘤SK类皮下,dataset_by_class\肿瘤SK类皮下__MFAP4__序号1__20x\肿瘤SK类皮下MFAP4序号1-6（20倍）.tif,38.94,2026-03-24T01:56:48.000Z,
E:\data\sy2part123\sy1\肿瘤SK类皮下MFAP4序号1-7（20倍）.tif,sy2part123\sy1\肿瘤SK类皮下MFAP4序号1-7（20倍）.tif,肿瘤SK类皮下MFAP4序号1-7（20倍）.tif,.tif,sy2part123,肿瘤SK类皮下__MFAP4__序号1__20x,肿瘤SK类皮下,序号1,MFAP4,,20x,7,7,high,sy2_specimen_marker_sequence_dash_index_magnification,肿瘤SK类皮下,dataset_by_class\肿瘤SK类皮下__MFAP4__序号1__20x\肿瘤SK类皮下MFAP4序号1-7（20倍）.tif,38.89,2026-03-24T01:57:18.000Z,
E:\data\sy2part123\sy1\肿瘤SK类皮下MFAP4序号1-8（20倍）.tif,sy2part123\sy1\肿瘤SK类皮下MFAP4序号1-8（20倍）.tif,肿瘤SK类皮下MFAP4序号1-8（20倍）.tif,.tif,sy2part123,肿瘤SK类皮下__MFAP4__序号1__20x,肿瘤SK类皮下,序号1,MFAP4,,20x,8,8,high,sy2_specimen_marker_sequence_dash_index_magnification,肿瘤SK类皮下,dataset_by_class\肿瘤SK类皮下__MFAP4__序号1__20x\肿瘤SK类皮下MFAP4序号1-8（20倍）.tif,38.76,2026-03-24T01:57:50.000Z,
E:\data\sy2part123\sy1\肿瘤SK类皮下MFAP4序号1-9（20倍）.tif,sy2part123\sy1\肿瘤SK类皮下MFAP4序号1-9（20倍）.tif,肿瘤SK类皮下MFAP4序号1-9（20倍）.tif,.tif,sy2part123,肿瘤SK类皮下__MFAP4__序号1__20x,肿瘤SK类皮下,序号1,MFAP4,,20x,9,9,high,sy2_specimen_marker_sequence_dash_index_magnification,肿瘤SK类皮下,dataset_by_class\肿瘤SK类皮下__MFAP4__序号1__20x\肿瘤SK类皮下MFAP4序号1-9（20倍）.tif,37.98,2026-03-24T01:58:16.000Z,
E:\data\sy2part123\sy1\肿瘤SK类皮下MFAP4序号2-1（20倍）.tif,sy2part123\sy1\肿瘤SK类皮下MFAP4序号2-1（20倍）.tif,肿瘤SK类皮下MFAP4序号2-1（20倍）.tif,.tif,sy2part123,肿瘤SK类皮下__MFAP4__序号2__20x,肿瘤SK类皮下,序号2,MFAP4,,20x,1,1,high,sy2_specimen_marker_sequence_dash_index_magnification,肿瘤SK类皮下,dataset_by_class\肿瘤SK类皮下__MFAP4__序号2__20x\肿瘤SK类皮下MFAP4序号2-1（20倍）.tif,32.11,2026-03-24T12:01:46.000Z,
E:\data\sy2part123\sy1\肿瘤SK类皮下MFAP4序号2-10（20倍）.tif,sy2part123\sy1\肿瘤SK类皮下MFAP4序号2-10（20倍）.tif,肿瘤SK类皮下MFAP4序号2-10（20倍）.tif,.tif,sy2part123,肿瘤SK类皮下__MFAP4__序号2__20x,肿瘤SK类皮下,序号2,MFAP4,,20x,10,10,high,sy2_specimen_marker_sequence_dash_index_magnification,肿瘤SK类皮下,dataset_by_class\肿瘤SK类皮下__MFAP4__序号2__20x\肿瘤SK类皮下MFAP4序号2-10（20倍）.tif,30.71,2026-03-24T12:10:22.000Z,
E:\data\sy2part123\sy1\肿瘤SK类皮下MFAP4序号2-11（20倍）.tif,sy2part123\sy1\肿瘤SK类皮下MFAP4序号2-11（20倍）.tif,肿瘤SK类皮下MFAP4序号2-11（20倍）.tif,.tif,sy2part123,肿瘤SK类皮下__MFAP4__序号2__20x,肿瘤SK类皮下,序号2,MFAP4,,20x,11,11,high,sy2_specimen_marker_sequence_dash_index_magnification,肿瘤SK类皮下,dataset_by_class\肿瘤SK类皮下__MFAP4__序号2__20x\肿瘤SK类皮下MFAP4序号2-11（20倍）.tif,30.44,2026-03-24T12:11:38.000Z,
E:\data\sy2part123\sy1\肿瘤SK类皮下MFAP4序号2-12（20倍）.tif,sy2part123\sy1\肿瘤SK类皮下MFAP4序号2-12（20倍）.tif,肿瘤SK类皮下MFAP4序号2-12（20倍）.tif,.tif,sy2part123,肿瘤SK类皮下__MFAP4__序号2__20x,肿瘤SK类皮下,序号2,MFAP4,,20x,12,12,high,sy2_specimen_marker_sequence_dash_index_magnification,肿瘤SK类皮下,dataset_by_class\肿瘤SK类皮下__MFAP4__序号2__20x\肿瘤SK类皮下MFAP4序号2-12（20倍）.tif,29.49,2026-03-24T12:12:00.000Z,
E:\data\sy2part123\sy1\肿瘤SK类皮下MFAP4序号2-13（20倍）.tif,sy2part123\sy1\肿瘤SK类皮下MFAP4序号2-13（20倍）.tif,肿瘤SK类皮下MFAP4序号2-13（20倍）.tif,.tif,sy2part123,肿瘤SK类皮下__MFAP4__序号2__20x,肿瘤SK类皮下,序号2,MFAP4,,20x,13,13,high,sy2_specimen_marker_sequence_dash_index_magnification,肿瘤SK类皮下,dataset_by_class\肿瘤SK类皮下__MFAP4__序号2__20x\肿瘤SK类皮下MFAP4序号2-13（20倍）.tif,31.08,2026-03-24T12:12:24.000Z,
E:\data\sy2part123\sy1\肿瘤SK类皮下MFAP4序号2-14（20倍）.tif,sy2part123\sy1\肿瘤SK类皮下MFAP4序号2-14（20倍）.tif,肿瘤SK类皮下MFAP4序号2-14（20倍）.tif,.tif,sy2part123,肿瘤SK类皮下__MFAP4__序号2__20x,肿瘤SK类皮下,序号2,MFAP4,,20x,14,14,high,sy2_specimen_marker_sequence_dash_index_magnification,肿瘤SK类皮下,dataset_by_class\肿瘤SK类皮下__MFAP4__序号2__20x\肿瘤SK类皮下MFAP4序号2-14（20倍）.tif,30.4,2026-03-24T12:12:48.000Z,
E:\data\sy2part123\sy1\肿瘤SK类皮下MFAP4序号2-15（20倍）.tif,sy2part123\sy1\肿瘤SK类皮下MFAP4序号2-15（20倍）.tif,肿瘤SK类皮下MFAP4序号2-15（20倍）.tif,.tif,sy2part123,肿瘤SK类皮下__MFAP4__序号2__20x,肿瘤SK类皮下,序号2,MFAP4,,20x,15,15,high,sy2_specimen_marker_sequence_dash_index_magnification,肿瘤SK类皮下,dataset_by_class\肿瘤SK类皮下__MFAP4__序号2__20x\肿瘤SK类皮下MFAP4序号2-15（20倍）.tif,28.04,2026-03-24T12:13:22.000Z,
E:\data\sy2part123\sy1\肿瘤SK类皮下MFAP4序号2-16（20倍）.tif,sy2part123\sy1\肿瘤SK类皮下MFAP4序号2-16（20倍）.tif,肿瘤SK类皮下MFAP4序号2-16（20倍）.tif,.tif,sy2part123,肿瘤SK类皮下__MFAP4__序号2__20x,肿瘤SK类皮下,序号2,MFAP4,,20x,16,16,high,sy2_specimen_marker_sequence_dash_index_magnification,肿瘤SK类皮下,dataset_by_class\肿瘤SK类皮下__MFAP4__序号2__20x\肿瘤SK类皮下MFAP4序号2-16（20倍）.tif,29.74,2026-03-24T12:13:52.000Z,
E:\data\sy2part123\sy1\肿瘤SK类皮下MFAP4序号2-17（20倍）.tif,sy2part123\sy1\肿瘤SK类皮下MFAP4序号2-17（20倍）.tif,肿瘤SK类皮下MFAP4序号2-17（20倍）.tif,.tif,sy2part123,肿瘤SK类皮下__MFAP4__序号2__20x,肿瘤SK类皮下,序号2,MFAP4,,20x,17,17,high,sy2_specimen_marker_sequence_dash_index_magnification,肿瘤SK类皮下,dataset_by_class\肿瘤SK类皮下__MFAP4__序号2__20x\肿瘤SK类皮下MFAP4序号2-17（20倍）.tif,28.94,2026-03-24T12:14:10.000Z,
E:\data\sy2part123\sy1\肿瘤SK类皮下MFAP4序号2-18（20倍）.tif,sy2part123\sy1\肿瘤SK类皮下MFAP4序号2-18（20倍）.tif,肿瘤SK类皮下MFAP4序号2-18（20倍）.tif,.tif,sy2part123,肿瘤SK类皮下__MFAP4__序号2__20x,肿瘤SK类皮下,序号2,MFAP4,,20x,18,18,high,sy2_specimen_marker_sequence_dash_index_magnification,肿瘤SK类皮下,dataset_by_class\肿瘤SK类皮下__MFAP4__序号2__20x\肿瘤SK类皮下MFAP4序号2-18（20倍）.tif,30.3,2026-03-24T12:14:36.000Z,
E:\data\sy2part123\sy1\肿瘤SK类皮下MFAP4序号2-19（20倍）.tif,sy2part123\sy1\肿瘤SK类皮下MFAP4序号2-19（20倍）.tif,肿瘤SK类皮下MFAP4序号2-19（20倍）.tif,.tif,sy2part123,肿瘤SK类皮下__MFAP4__序号2__20x,肿瘤SK类皮下,序号2,MFAP4,,20x,19,19,high,sy2_specimen_marker_sequence_dash_index_magnification,肿瘤SK类皮下,dataset_by_class\肿瘤SK类皮下__MFAP4__序号2__20x\肿瘤SK类皮下MFAP4序号2-19（20倍）.tif,30.4,2026-03-24T12:14:52.000Z,
E:\data\sy2part123\sy1\肿瘤SK类皮下MFAP4序号2-2（20倍）.tif,sy2part123\sy1\肿瘤SK类皮下MFAP4序号2-2（20倍）.tif,肿瘤SK类皮下MFAP4序号2-2（20倍）.tif,.tif,sy2part123,肿瘤SK类皮下__MFAP4__序号2__20x,肿瘤SK类皮下,序号2,MFAP4,,20x,2,2,high,sy2_specimen_marker_sequence_dash_index_magnification,肿瘤SK类皮下,dataset_by_class\肿瘤SK类皮下__MFAP4__序号2__20x\肿瘤SK类皮下MFAP4序号2-2（20倍）.tif,31.45,2026-03-24T12:02:48.000Z,
E:\data\sy2part123\sy1\肿瘤SK类皮下MFAP4序号2-20（20倍）.tif,sy2part123\sy1\肿瘤SK类皮下MFAP4序号2-20（20倍）.tif,肿瘤SK类皮下MFAP4序号2-20（20倍）.tif,.tif,sy2part123,肿瘤SK类皮下__MFAP4__序号2__20x,肿瘤SK类皮下,序号2,MFAP4,,20x,20,20,high,sy2_specimen_marker_sequence_dash_index_magnification,肿瘤SK类皮下,dataset_by_class\肿瘤SK类皮下__MFAP4__序号2__20x\肿瘤SK类皮下MFAP4序号2-20（20倍）.tif,30.47,2026-03-24T12:15:18.000Z,
E:\data\sy2part123\sy1\肿瘤SK类皮下MFAP4序号2-3（20倍）.tif,sy2part123\sy1\肿瘤SK类皮下MFAP4序号2-3（20倍）.tif,肿瘤SK类皮下MFAP4序号2-3（20倍）.tif,.tif,sy2part123,肿瘤SK类皮下__MFAP4__序号2__20x,肿瘤SK类皮下,序号2,MFAP4,,20x,3,3,high,sy2_specimen_marker_sequence_dash_index_magnification,肿瘤SK类皮下,dataset_by_class\肿瘤SK类皮下__MFAP4__序号2__20x\肿瘤SK类皮下MFAP4序号2-3（20倍）.tif,32.34,2026-03-24T12:03:20.000Z,
E:\data\sy2part123\sy1\肿瘤SK类皮下MFAP4序号2-4（20倍）.tif,sy2part123\sy1\肿瘤SK类皮下MFAP4序号2-4（20倍）.tif,肿瘤SK类皮下MFAP4序号2-4（20倍）.tif,.tif,sy2part123,肿瘤SK类皮下__MFAP4__序号2__20x,肿瘤SK类皮下,序号2,MFAP4,,20x,4,4,high,sy2_specimen_marker_sequence_dash_index_magnification,肿瘤SK类皮下,dataset_by_class\肿瘤SK类皮下__MFAP4__序号2__20x\肿瘤SK类皮下MFAP4序号2-4（20倍）.tif,29.29,2026-03-24T12:06:18.000Z,
E:\data\sy2part123\sy1\肿瘤SK类皮下MFAP4序号2-5（20倍）.tif,sy2part123\sy1\肿瘤SK类皮下MFAP4序号2-5（20倍）.tif,肿瘤SK类皮下MFAP4序号2-5（20倍）.tif,.tif,sy2part123,肿瘤SK类皮下__MFAP4__序号2__20x,肿瘤SK类皮下,序号2,MFAP4,,20x,5,5,high,sy2_specimen_marker_sequence_dash_index_magnification,肿瘤SK类皮下,dataset_by_class\肿瘤SK类皮下__MFAP4__序号2__20x\肿瘤SK类皮下MFAP4序号2-5（20倍）.tif,29.67,2026-03-24T12:07:12.000Z,
E:\data\sy2part123\sy1\肿瘤SK类皮下MFAP4序号2-6（20倍）.tif,sy2part123\sy1\肿瘤SK类皮下MFAP4序号2-6（20倍）.tif,肿瘤SK类皮下MFAP4序号2-6（20倍）.tif,.tif,sy2part123,肿瘤SK类皮下__MFAP4__序号2__20x,肿瘤SK类皮下,序号2,MFAP4,,20x,6,6,high,sy2_specimen_marker_sequence_dash_index_magnification,肿瘤SK类皮下,dataset_by_class\肿瘤SK类皮下__MFAP4__序号2__20x\肿瘤SK类皮下MFAP4序号2-6（20倍）.tif,30.65,2026-03-24T12:08:08.000Z,
E:\data\sy2part123\sy1\肿瘤SK类皮下MFAP4序号2-7（20倍）.tif,sy2part123\sy1\肿瘤SK类皮下MFAP4序号2-7（20倍）.tif,肿瘤SK类皮下MFAP4序号2-7（20倍）.tif,.tif,sy2part123,肿瘤SK类皮下__MFAP4__序号2__20x,肿瘤SK类皮下,序号2,MFAP4,,20x,7,7,high,sy2_specimen_marker_sequence_dash_index_magnification,肿瘤SK类皮下,dataset_by_class\肿瘤SK类皮下__MFAP4__序号2__20x\肿瘤SK类皮下MFAP4序号2-7（20倍）.tif,30.27,2026-03-24T12:08:38.000Z,
E:\data\sy2part123\sy1\肿瘤SK类皮下MFAP4序号2-8（20倍）.tif,sy2part123\sy1\肿瘤SK类皮下MFAP4序号2-8（20倍）.tif,肿瘤SK类皮下MFAP4序号2-8（20倍）.tif,.tif,sy2part123,肿瘤SK类皮下__MFAP4__序号2__20x,肿瘤SK类皮下,序号2,MFAP4,,20x,8,8,high,sy2_specimen_marker_sequence_dash_index_magnification,肿瘤SK类皮下,dataset_by_class\肿瘤SK类皮下__MFAP4__序号2__20x\肿瘤SK类皮下MFAP4序号2-8（20倍）.tif,31,2026-03-24T12:09:18.000Z,
E:\data\sy2part123\sy1\肿瘤SK类皮下MFAP4序号2-9（20倍）.tif,sy2part123\sy1\肿瘤SK类皮下MFAP4序号2-9（20倍）.tif,肿瘤SK类皮下MFAP4序号2-9（20倍）.tif,.tif,sy2part123,肿瘤SK类皮下__MFAP4__序号2__20x,肿瘤SK类皮下,序号2,MFAP4,,20x,9,9,high,sy2_specimen_marker_sequence_dash_index_magnification,肿瘤SK类皮下,dataset_by_class\肿瘤SK类皮下__MFAP4__序号2__20x\肿瘤SK类皮下MFAP4序号2-9（20倍）.tif,32.03,2026-03-24T12:09:48.000Z,
E:\data\sy2part123\sy1\肿瘤SK类皮下MFAP4序号3-1（20倍）.tif,sy2part123\sy1\肿瘤SK类皮下MFAP4序号3-1（20倍）.tif,肿瘤SK类皮下MFAP4序号3-1（20倍）.tif,.tif,sy2part123,肿瘤SK类皮下__MFAP4__序号3__20x,肿瘤SK类皮下,序号3,MFAP4,,20x,1,1,high,sy2_specimen_marker_sequence_dash_index_magnification,肿瘤SK类皮下,dataset_by_class\肿瘤SK类皮下__MFAP4__序号3__20x\肿瘤SK类皮下MFAP4序号3-1（20倍）.tif,29.43,2026-03-24T12:42:20.000Z,
E:\data\sy2part123\sy1\肿瘤SK类皮下MFAP4序号3-10（20倍）.tif,sy2part123\sy1\肿瘤SK类皮下MFAP4序号3-10（20倍）.tif,肿瘤SK类皮下MFAP4序号3-10（20倍）.tif,.tif,sy2part123,肿瘤SK类皮下__MFAP4__序号3__20x,肿瘤SK类皮下,序号3,MFAP4,,20x,10,10,high,sy2_specimen_marker_sequence_dash_index_magnification,肿瘤SK类皮下,dataset_by_class\肿瘤SK类皮下__MFAP4__序号3__20x\肿瘤SK类皮下MFAP4序号3-10（20倍）.tif,29.17,2026-03-24T12:45:52.000Z,
E:\data\sy2part123\sy1\肿瘤SK类皮下MFAP4序号3-11（20倍）.tif,sy2part123\sy1\肿瘤SK类皮下MFAP4序号3-11（20倍）.tif,肿瘤SK类皮下MFAP4序号3-11（20倍）.tif,.tif,sy2part123,肿瘤SK类皮下__MFAP4__序号3__20x,肿瘤SK类皮下,序号3,MFAP4,,20x,11,11,high,sy2_specimen_marker_sequence_dash_index_magnification,肿瘤SK类皮下,dataset_by_class\肿瘤SK类皮下__MFAP4__序号3__20x\肿瘤SK类皮下MFAP4序号3-11（20倍）.tif,29.92,2026-03-24T12:46:12.000Z,
E:\data\sy2part123\sy1\肿瘤SK类皮下MFAP4序号3-12（20倍）.tif,sy2part123\sy1\肿瘤SK类皮下MFAP4序号3-12（20倍）.tif,肿瘤SK类皮下MFAP4序号3-12（20倍）.tif,.tif,sy2part123,肿瘤SK类皮下__MFAP4__序号3__20x,肿瘤SK类皮下,序号3,MFAP4,,20x,12,12,high,sy2_specimen_marker_sequence_dash_index_magnification,肿瘤SK类皮下,dataset_by_class\肿瘤SK类皮下__MFAP4__序号3__20x\肿瘤SK类皮下MFAP4序号3-12（20倍）.tif,30.81,2026-03-24T12:46:22.000Z,
E:\data\sy2part123\sy1\肿瘤SK类皮下MFAP4序号3-13（20倍）.tif,sy2part123\sy1\肿瘤SK类皮下MFAP4序号3-13（20倍）.tif,肿瘤SK类皮下MFAP4序号3-13（20倍）.tif,.tif,sy2part123,肿瘤SK类皮下__MFAP4__序号3__20x,肿瘤SK类皮下,序号3,MFAP4,,20x,13,13,high,sy2_specimen_marker_sequence_dash_index_magnification,肿瘤SK类皮下,dataset_by_class\肿瘤SK类皮下__MFAP4__序号3__20x\肿瘤SK类皮下MFAP4序号3-13（20倍）.tif,30.98,2026-03-24T12:46:34.000Z,
E:\data\sy2part123\sy1\肿瘤SK类皮下MFAP4序号3-14（20倍）.tif,sy2part123\sy1\肿瘤SK类皮下MFAP4序号3-14（20倍）.tif,肿瘤SK类皮下MFAP4序号3-14（20倍）.tif,.tif,sy2part123,肿瘤SK类皮下__MFAP4__序号3__20x,肿瘤SK类皮下,序号3,MFAP4,,20x,14,14,high,sy2_specimen_marker_sequence_dash_index_magnification,肿瘤SK类皮下,dataset_by_class\肿瘤SK类皮下__MFAP4__序号3__20x\肿瘤SK类皮下MFAP4序号3-14（20倍）.tif,28.88,2026-03-24T12:46:46.000Z,
E:\data\sy2part123\sy1\肿瘤SK类皮下MFAP4序号3-15（20倍）.tif,sy2part123\sy1\肿瘤SK类皮下MFAP4序号3-15（20倍）.tif,肿瘤SK类皮下MFAP4序号3-15（20倍）.tif,.tif,sy2part123,肿瘤SK类皮下__MFAP4__序号3__20x,肿瘤SK类皮下,序号3,MFAP4,,20x,15,15,high,sy2_specimen_marker_sequence_dash_index_magnification,肿瘤SK类皮下,dataset_by_class\肿瘤SK类皮下__MFAP4__序号3__20x\肿瘤SK类皮下MFAP4序号3-15（20倍）.tif,30.08,2026-03-24T12:46:56.000Z,
E:\data\sy2part123\sy1\肿瘤SK类皮下MFAP4序号3-16（20倍）.tif,sy2part123\sy1\肿瘤SK类皮下MFAP4序号3-16（20倍）.tif,肿瘤SK类皮下MFAP4序号3-16（20倍）.tif,.tif,sy2part123,肿瘤SK类皮下__MFAP4__序号3__20x,肿瘤SK类皮下,序号3,MFAP4,,20x,16,16,high,sy2_specimen_marker_sequence_dash_index_magnification,肿瘤SK类皮下,dataset_by_class\肿瘤SK类皮下__MFAP4__序号3__20x\肿瘤SK类皮下MFAP4序号3-16（20倍）.tif,30.59,2026-03-24T12:47:12.000Z,
E:\data\sy2part123\sy1\肿瘤SK类皮下MFAP4序号3-17（20倍）.tif,sy2part123\sy1\肿瘤SK类皮下MFAP4序号3-17（20倍）.tif,肿瘤SK类皮下MFAP4序号3-17（20倍）.tif,.tif,sy2part123,肿瘤SK类皮下__MFAP4__序号3__20x,肿瘤SK类皮下,序号3,MFAP4,,20x,17,17,high,sy2_specimen_marker_sequence_dash_index_magnification,肿瘤SK类皮下,dataset_by_class\肿瘤SK类皮下__MFAP4__序号3__20x\肿瘤SK类皮下MFAP4序号3-17（20倍）.tif,30.72,2026-03-24T12:47:24.000Z,
E:\data\sy2part123\sy1\肿瘤SK类皮下MFAP4序号3-18（20倍）.tif,sy2part123\sy1\肿瘤SK类皮下MFAP4序号3-18（20倍）.tif,肿瘤SK类皮下MFAP4序号3-18（20倍）.tif,.tif,sy2part123,肿瘤SK类皮下__MFAP4__序号3__20x,肿瘤SK类皮下,序号3,MFAP4,,20x,18,18,high,sy2_specimen_marker_sequence_dash_index_magnification,肿瘤SK类皮下,dataset_by_class\肿瘤SK类皮下__MFAP4__序号3__20x\肿瘤SK类皮下MFAP4序号3-18（20倍）.tif,30.29,2026-03-24T12:47:36.000Z,
E:\data\sy2part123\sy1\肿瘤SK类皮下MFAP4序号3-19（20倍）.tif,sy2part123\sy1\肿瘤SK类皮下MFAP4序号3-19（20倍）.tif,肿瘤SK类皮下MFAP4序号3-19（20倍）.tif,.tif,sy2part123,肿瘤SK类皮下__MFAP4__序号3__20x,肿瘤SK类皮下,序号3,MFAP4,,20x,19,19,high,sy2_specimen_marker_sequence_dash_index_magnification,肿瘤SK类皮下,dataset_by_class\肿瘤SK类皮下__MFAP4__序号3__20x\肿瘤SK类皮下MFAP4序号3-19（20倍）.tif,29.76,2026-03-24T12:47:52.000Z,
E:\data\sy2part123\sy1\肿瘤SK类皮下MFAP4序号3-2（20倍）.tif,sy2part123\sy1\肿瘤SK类皮下MFAP4序号3-2（20倍）.tif,肿瘤SK类皮下MFAP4序号3-2（20倍）.tif,.tif,sy2part123,肿瘤SK类皮下__MFAP4__序号3__20x,肿瘤SK类皮下,序号3,MFAP4,,20x,2,2,high,sy2_specimen_marker_sequence_dash_index_magnification,肿瘤SK类皮下,dataset_by_class\肿瘤SK类皮下__MFAP4__序号3__20x\肿瘤SK类皮下MFAP4序号3-2（20倍）.tif,31.02,2026-03-24T12:42:40.000Z,
E:\data\sy2part123\sy1\肿瘤SK类皮下MFAP4序号3-20（20倍）.tif,sy2part123\sy1\肿瘤SK类皮下MFAP4序号3-20（20倍）.tif,肿瘤SK类皮下MFAP4序号3-20（20倍）.tif,.tif,sy2part123,肿瘤SK类皮下__MFAP4__序号3__20x,肿瘤SK类皮下,序号3,MFAP4,,20x,20,20,high,sy2_specimen_marker_sequence_dash_index_magnification,肿瘤SK类皮下,dataset_by_class\肿瘤SK类皮下__MFAP4__序号3__20x\肿瘤SK类皮下MFAP4序号3-20（20倍）.tif,29.4,2026-03-24T12:48:08.000Z,
E:\data\sy2part123\sy1\肿瘤SK类皮下MFAP4序号3-3（20倍）.tif,sy2part123\sy1\肿瘤SK类皮下MFAP4序号3-3（20倍）.tif,肿瘤SK类皮下MFAP4序号3-3（20倍）.tif,.tif,sy2part123,肿瘤SK类皮下__MFAP4__序号3__20x,肿瘤SK类皮下,序号3,MFAP4,,20x,3,3,high,sy2_specimen_marker_sequence_dash_index_magnification,肿瘤SK类皮下,dataset_by_class\肿瘤SK类皮下__MFAP4__序号3__20x\肿瘤SK类皮下MFAP4序号3-3（20倍）.tif,29.74,2026-03-24T12:42:56.000Z,
E:\data\sy2part123\sy1\肿瘤SK类皮下MFAP4序号3-4（20倍）.tif,sy2part123\sy1\肿瘤SK类皮下MFAP4序号3-4（20倍）.tif,肿瘤SK类皮下MFAP4序号3-4（20倍）.tif,.tif,sy2part123,肿瘤SK类皮下__MFAP4__序号3__20x,肿瘤SK类皮下,序号3,MFAP4,,20x,4,4,high,sy2_specimen_marker_sequence_dash_index_magnification,肿瘤SK类皮下,dataset_by_class\肿瘤SK类皮下__MFAP4__序号3__20x\肿瘤SK类皮下MFAP4序号3-4（20倍）.tif,30.73,2026-03-24T12:43:10.000Z,
E:\data\sy2part123\sy1\肿瘤SK类皮下MFAP4序号3-5（20倍）.tif,sy2part123\sy1\肿瘤SK类皮下MFAP4序号3-5（20倍）.tif,肿瘤SK类皮下MFAP4序号3-5（20倍）.tif,.tif,sy2part123,肿瘤SK类皮下__MFAP4__序号3__20x,肿瘤SK类皮下,序号3,MFAP4,,20x,5,5,high,sy2_specimen_marker_sequence_dash_index_magnification,肿瘤SK类皮下,dataset_by_class\肿瘤SK类皮下__MFAP4__序号3__20x\肿瘤SK类皮下MFAP4序号3-5（20倍）.tif,30,2026-03-24T12:43:24.000Z,
E:\data\sy2part123\sy1\肿瘤SK类皮下MFAP4序号3-6（20倍）.tif,sy2part123\sy1\肿瘤SK类皮下MFAP4序号3-6（20倍）.tif,肿瘤SK类皮下MFAP4序号3-6（20倍）.tif,.tif,sy2part123,肿瘤SK类皮下__MFAP4__序号3__20x,肿瘤SK类皮下,序号3,MFAP4,,20x,6,6,high,sy2_specimen_marker_sequence_dash_index_magnification,肿瘤SK类皮下,dataset_by_class\肿瘤SK类皮下__MFAP4__序号3__20x\肿瘤SK类皮下MFAP4序号3-6（20倍）.tif,30.41,2026-03-24T12:43:56.000Z,
E:\data\sy2part123\sy1\肿瘤SK类皮下MFAP4序号3-7（20倍）.tif,sy2part123\sy1\肿瘤SK类皮下MFAP4序号3-7（20倍）.tif,肿瘤SK类皮下MFAP4序号3-7（20倍）.tif,.tif,sy2part123,肿瘤SK类皮下__MFAP4__序号3__20x,肿瘤SK类皮下,序号3,MFAP4,,20x,7,7,high,sy2_specimen_marker_sequence_dash_index_magnification,肿瘤SK类皮下,dataset_by_class\肿瘤SK类皮下__MFAP4__序号3__20x\肿瘤SK类皮下MFAP4序号3-7（20倍）.tif,30.58,2026-03-24T12:44:14.000Z,
E:\data\sy2part123\sy1\肿瘤SK类皮下MFAP4序号3-8（20倍）.tif,sy2part123\sy1\肿瘤SK类皮下MFAP4序号3-8（20倍）.tif,肿瘤SK类皮下MFAP4序号3-8（20倍）.tif,.tif,sy2part123,肿瘤SK类皮下__MFAP4__序号3__20x,肿瘤SK类皮下,序号3,MFAP4,,20x,8,8,high,sy2_specimen_marker_sequence_dash_index_magnification,肿瘤SK类皮下,dataset_by_class\肿瘤SK类皮下__MFAP4__序号3__20x\肿瘤SK类皮下MFAP4序号3-8（20倍）.tif,27.21,2026-03-24T12:44:32.000Z,
E:\data\sy2part123\sy1\肿瘤SK类皮下MFAP4序号3-9（20倍）.tif,sy2part123\sy1\肿瘤SK类皮下MFAP4序号3-9（20倍）.tif,肿瘤SK类皮下MFAP4序号3-9（20倍）.tif,.tif,sy2part123,肿瘤SK类皮下__MFAP4__序号3__20x,肿瘤SK类皮下,序号3,MFAP4,,20x,9,9,high,sy2_specimen_marker_sequence_dash_index_magnification,肿瘤SK类皮下,dataset_by_class\肿瘤SK类皮下__MFAP4__序号3__20x\肿瘤SK类皮下MFAP4序号3-9（20倍）.tif,27.91,2026-03-24T12:45:24.000Z,
E:\data\sy2part123\sy1\肿瘤SK类皮下MFAP4序号4-1（20倍）.tif,sy2part123\sy1\肿瘤SK类皮下MFAP4序号4-1（20倍）.tif,肿瘤SK类皮下MFAP4序号4-1（20倍）.tif,.tif,sy2part123,肿瘤SK类皮下__MFAP4__序号4__20x,肿瘤SK类皮下,序号4,MFAP4,,20x,1,1,high,sy2_specimen_marker_sequence_dash_index_magnification,肿瘤SK类皮下,dataset_by_class\肿瘤SK类皮下__MFAP4__序号4__20x\肿瘤SK类皮下MFAP4序号4-1（20倍）.tif,39.01,2026-03-24T13:18:42.000Z,
E:\data\sy2part123\sy1\肿瘤SK类皮下MFAP4序号4-10（20倍）.tif,sy2part123\sy1\肿瘤SK类皮下MFAP4序号4-10（20倍）.tif,肿瘤SK类皮下MFAP4序号4-10（20倍）.tif,.tif,sy2part123,肿瘤SK类皮下__MFAP4__序号4__20x,肿瘤SK类皮下,序号4,MFAP4,,20x,10,10,high,sy2_specimen_marker_sequence_dash_index_magnification,肿瘤SK类皮下,dataset_by_class\肿瘤SK类皮下__MFAP4__序号4__20x\肿瘤SK类皮下MFAP4序号4-10（20倍）.tif,39.25,2026-03-24T13:21:02.000Z,
E:\data\sy2part123\sy1\肿瘤SK类皮下MFAP4序号4-11（20倍）.tif,sy2part123\sy1\肿瘤SK类皮下MFAP4序号4-11（20倍）.tif,肿瘤SK类皮下MFAP4序号4-11（20倍）.tif,.tif,sy2part123,肿瘤SK类皮下__MFAP4__序号4__20x,肿瘤SK类皮下,序号4,MFAP4,,20x,11,11,high,sy2_specimen_marker_sequence_dash_index_magnification,肿瘤SK类皮下,dataset_by_class\肿瘤SK类皮下__MFAP4__序号4__20x\肿瘤SK类皮下MFAP4序号4-11（20倍）.tif,38.34,2026-03-24T13:21:12.000Z,
E:\data\sy2part123\sy1\肿瘤SK类皮下MFAP4序号4-12（20倍）.tif,sy2part123\sy1\肿瘤SK类皮下MFAP4序号4-12（20倍）.tif,肿瘤SK类皮下MFAP4序号4-12（20倍）.tif,.tif,sy2part123,肿瘤SK类皮下__MFAP4__序号4__20x,肿瘤SK类皮下,序号4,MFAP4,,20x,12,12,high,sy2_specimen_marker_sequence_dash_index_magnification,肿瘤SK类皮下,dataset_by_class\肿瘤SK类皮下__MFAP4__序号4__20x\肿瘤SK类皮下MFAP4序号4-12（20倍）.tif,38.55,2026-03-24T13:21:28.000Z,
E:\data\sy2part123\sy1\肿瘤SK类皮下MFAP4序号4-13（20倍）.tif,sy2part123\sy1\肿瘤SK类皮下MFAP4序号4-13（20倍）.tif,肿瘤SK类皮下MFAP4序号4-13（20倍）.tif,.tif,sy2part123,肿瘤SK类皮下__MFAP4__序号4__20x,肿瘤SK类皮下,序号4,MFAP4,,20x,13,13,high,sy2_specimen_marker_sequence_dash_index_magnification,肿瘤SK类皮下,dataset_by_class\肿瘤SK类皮下__MFAP4__序号4__20x\肿瘤SK类皮下MFAP4序号4-13（20倍）.tif,38.69,2026-03-24T13:21:38.000Z,
E:\data\sy2part123\sy1\肿瘤SK类皮下MFAP4序号4-14（20倍）.tif,sy2part123\sy1\肿瘤SK类皮下MFAP4序号4-14（20倍）.tif,肿瘤SK类皮下MFAP4序号4-14（20倍）.tif,.tif,sy2part123,肿瘤SK类皮下__MFAP4__序号4__20x,肿瘤SK类皮下,序号4,MFAP4,,20x,14,14,high,sy2_specimen_marker_sequence_dash_index_magnification,肿瘤SK类皮下,dataset_by_class\肿瘤SK类皮下__MFAP4__序号4__20x\肿瘤SK类皮下MFAP4序号4-14（20倍）.tif,38.48,2026-03-24T13:21:56.000Z,
E:\data\sy2part123\sy1\肿瘤SK类皮下MFAP4序号4-15（20倍）.tif,sy2part123\sy1\肿瘤SK类皮下MFAP4序号4-15（20倍）.tif,肿瘤SK类皮下MFAP4序号4-15（20倍）.tif,.tif,sy2part123,肿瘤SK类皮下__MFAP4__序号4__20x,肿瘤SK类皮下,序号4,MFAP4,,20x,15,15,high,sy2_specimen_marker_sequence_dash_index_magnification,肿瘤SK类皮下,dataset_by_class\肿瘤SK类皮下__MFAP4__序号4__20x\肿瘤SK类皮下MFAP4序号4-15（20倍）.tif,39.21,2026-03-24T13:22:10.000Z,
E:\data\sy2part123\sy1\肿瘤SK类皮下MFAP4序号4-16（20倍）.tif,sy2part123\sy1\肿瘤SK类皮下MFAP4序号4-16（20倍）.tif,肿瘤SK类皮下MFAP4序号4-16（20倍）.tif,.tif,sy2part123,肿瘤SK类皮下__MFAP4__序号4__20x,肿瘤SK类皮下,序号4,MFAP4,,20x,16,16,high,sy2_specimen_marker_sequence_dash_index_magnification,肿瘤SK类皮下,dataset_by_class\肿瘤SK类皮下__MFAP4__序号4__20x\肿瘤SK类皮下MFAP4序号4-16（20倍）.tif,38.91,2026-03-24T13:22:22.000Z,
E:\data\sy2part123\sy1\肿瘤SK类皮下MFAP4序号4-17（20倍）.tif,sy2part123\sy1\肿瘤SK类皮下MFAP4序号4-17（20倍）.tif,肿瘤SK类皮下MFAP4序号4-17（20倍）.tif,.tif,sy2part123,肿瘤SK类皮下__MFAP4__序号4__20x,肿瘤SK类皮下,序号4,MFAP4,,20x,17,17,high,sy2_specimen_marker_sequence_dash_index_magnification,肿瘤SK类皮下,dataset_by_class\肿瘤SK类皮下__MFAP4__序号4__20x\肿瘤SK类皮下MFAP4序号4-17（20倍）.tif,37.84,2026-03-24T13:22:34.000Z,
E:\data\sy2part123\sy1\肿瘤SK类皮下MFAP4序号4-18（20倍）.tif,sy2part123\sy1\肿瘤SK类皮下MFAP4序号4-18（20倍）.tif,肿瘤SK类皮下MFAP4序号4-18（20倍）.tif,.tif,sy2part123,肿瘤SK类皮下__MFAP4__序号4__20x,肿瘤SK类皮下,序号4,MFAP4,,20x,18,18,high,sy2_specimen_marker_sequence_dash_index_magnification,肿瘤SK类皮下,dataset_by_class\肿瘤SK类皮下__MFAP4__序号4__20x\肿瘤SK类皮下MFAP4序号4-18（20倍）.tif,38.48,2026-03-24T13:22:48.000Z,
E:\data\sy2part123\sy1\肿瘤SK类皮下MFAP4序号4-19（20倍）.tif,sy2part123\sy1\肿瘤SK类皮下MFAP4序号4-19（20倍）.tif,肿瘤SK类皮下MFAP4序号4-19（20倍）.tif,.tif,sy2part123,肿瘤SK类皮下__MFAP4__序号4__20x,肿瘤SK类皮下,序号4,MFAP4,,20x,19,19,high,sy2_specimen_marker_sequence_dash_index_magnification,肿瘤SK类皮下,dataset_by_class\肿瘤SK类皮下__MFAP4__序号4__20x\肿瘤SK类皮下MFAP4序号4-19（20倍）.tif,39.93,2026-03-24T13:23:00.000Z,
E:\data\sy2part123\sy1\肿瘤SK类皮下MFAP4序号4-2（20倍）.tif,sy2part123\sy1\肿瘤SK类皮下MFAP4序号4-2（20倍）.tif,肿瘤SK类皮下MFAP4序号4-2（20倍）.tif,.tif,sy2part123,肿瘤SK类皮下__MFAP4__序号4__20x,肿瘤SK类皮下,序号4,MFAP4,,20x,2,2,high,sy2_specimen_marker_sequence_dash_index_magnification,肿瘤SK类皮下,dataset_by_class\肿瘤SK类皮下__MFAP4__序号4__20x\肿瘤SK类皮下MFAP4序号4-2（20倍）.tif,38.6,2026-03-24T13:18:58.000Z,
E:\data\sy2part123\sy1\肿瘤SK类皮下MFAP4序号4-20（20倍）.tif,sy2part123\sy1\肿瘤SK类皮下MFAP4序号4-20（20倍）.tif,肿瘤SK类皮下MFAP4序号4-20（20倍）.tif,.tif,sy2part123,肿瘤SK类皮下__MFAP4__序号4__20x,肿瘤SK类皮下,序号4,MFAP4,,20x,20,20,high,sy2_specimen_marker_sequence_dash_index_magnification,肿瘤SK类皮下,dataset_by_class\肿瘤SK类皮下__MFAP4__序号4__20x\肿瘤SK类皮下MFAP4序号4-20（20倍）.tif,39.16,2026-03-24T13:23:12.000Z,
E:\data\sy2part123\sy1\肿瘤SK类皮下MFAP4序号4-3（20倍）.tif,sy2part123\sy1\肿瘤SK类皮下MFAP4序号4-3（20倍）.tif,肿瘤SK类皮下MFAP4序号4-3（20倍）.tif,.tif,sy2part123,肿瘤SK类皮下__MFAP4__序号4__20x,肿瘤SK类皮下,序号4,MFAP4,,20x,3,3,high,sy2_specimen_marker_sequence_dash_index_magnification,肿瘤SK类皮下,dataset_by_class\肿瘤SK类皮下__MFAP4__序号4__20x\肿瘤SK类皮下MFAP4序号4-3（20倍）.tif,38.79,2026-03-24T13:19:08.000Z,
E:\data\sy2part123\sy1\肿瘤SK类皮下MFAP4序号4-4（20倍）.tif,sy2part123\sy1\肿瘤SK类皮下MFAP4序号4-4（20倍）.tif,肿瘤SK类皮下MFAP4序号4-4（20倍）.tif,.tif,sy2part123,肿瘤SK类皮下__MFAP4__序号4__20x,肿瘤SK类皮下,序号4,MFAP4,,20x,4,4,high,sy2_specimen_marker_sequence_dash_index_magnification,肿瘤SK类皮下,dataset_by_class\肿瘤SK类皮下__MFAP4__序号4__20x\肿瘤SK类皮下MFAP4序号4-4（20倍）.tif,38.85,2026-03-24T13:19:20.000Z,
E:\data\sy2part123\sy1\肿瘤SK类皮下MFAP4序号4-5（20倍）.tif,sy2part123\sy1\肿瘤SK类皮下MFAP4序号4-5（20倍）.tif,肿瘤SK类皮下MFAP4序号4-5（20倍）.tif,.tif,sy2part123,肿瘤SK类皮下__MFAP4__序号4__20x,肿瘤SK类皮下,序号4,MFAP4,,20x,5,5,high,sy2_specimen_marker_sequence_dash_index_magnification,肿瘤SK类皮下,dataset_by_class\肿瘤SK类皮下__MFAP4__序号4__20x\肿瘤SK类皮下MFAP4序号4-5（20倍）.tif,38.79,2026-03-24T13:19:32.000Z,
E:\data\sy2part123\sy1\肿瘤SK类皮下MFAP4序号4-6（20倍）.tif,sy2part123\sy1\肿瘤SK类皮下MFAP4序号4-6（20倍）.tif,肿瘤SK类皮下MFAP4序号4-6（20倍）.tif,.tif,sy2part123,肿瘤SK类皮下__MFAP4__序号4__20x,肿瘤SK类皮下,序号4,MFAP4,,20x,6,6,high,sy2_specimen_marker_sequence_dash_index_magnification,肿瘤SK类皮下,dataset_by_class\肿瘤SK类皮下__MFAP4__序号4__20x\肿瘤SK类皮下MFAP4序号4-6（20倍）.tif,38.98,2026-03-24T13:19:40.000Z,
E:\data\sy2part123\sy1\肿瘤SK类皮下MFAP4序号4-7（20倍）.tif,sy2part123\sy1\肿瘤SK类皮下MFAP4序号4-7（20倍）.tif,肿瘤SK类皮下MFAP4序号4-7（20倍）.tif,.tif,sy2part123,肿瘤SK类皮下__MFAP4__序号4__20x,肿瘤SK类皮下,序号4,MFAP4,,20x,7,7,high,sy2_specimen_marker_sequence_dash_index_magnification,肿瘤SK类皮下,dataset_by_class\肿瘤SK类皮下__MFAP4__序号4__20x\肿瘤SK类皮下MFAP4序号4-7（20倍）.tif,38.96,2026-03-24T13:19:50.000Z,
E:\data\sy2part123\sy1\肿瘤SK类皮下MFAP4序号4-8（20倍）.tif,sy2part123\sy1\肿瘤SK类皮下MFAP4序号4-8（20倍）.tif,肿瘤SK类皮下MFAP4序号4-8（20倍）.tif,.tif,sy2part123,肿瘤SK类皮下__MFAP4__序号4__20x,肿瘤SK类皮下,序号4,MFAP4,,20x,8,8,high,sy2_specimen_marker_sequence_dash_index_magnification,肿瘤SK类皮下,dataset_by_class\肿瘤SK类皮下__MFAP4__序号4__20x\肿瘤SK类皮下MFAP4序号4-8（20倍）.tif,37.7,2026-03-24T13:20:00.000Z,
E:\data\sy2part123\sy1\肿瘤SK类皮下MFAP4序号4-9（20倍）.tif,sy2part123\sy1\肿瘤SK类皮下MFAP4序号4-9（20倍）.tif,肿瘤SK类皮下MFAP4序号4-9（20倍）.tif,.tif,sy2part123,肿瘤SK类皮下__MFAP4__序号4__20x,肿瘤SK类皮下,序号4,MFAP4,,20x,9,9,high,sy2_specimen_marker_sequence_dash_index_magnification,肿瘤SK类皮下,dataset_by_class\肿瘤SK类皮下__MFAP4__序号4__20x\肿瘤SK类皮下MFAP4序号4-9（20倍）.tif,39.03,2026-03-24T13:20:16.000Z,
E:\data\sy2part123\sy1\肿瘤SK类皮下TCR RFP序号5-1（20倍）.tif,sy2part123\sy1\肿瘤SK类皮下TCR RFP序号5-1（20倍）.tif,肿瘤SK类皮下TCR RFP序号5-1（20倍）.tif,.tif,sy2part123,肿瘤SK类皮下__TCR_RFP__序号5__20x,肿瘤SK类皮下,序号5,TCR_RFP,,20x,1,1,high,sy2_specimen_marker_sequence_dash_index_magnification,肿瘤SK类皮下,dataset_by_class\肿瘤SK类皮下__TCR_RFP__序号5__20x\肿瘤SK类皮下TCR RFP序号5-1（20倍）.tif,36.48,2026-03-24T01:23:46.000Z,
E:\data\sy2part123\sy1\肿瘤SK类皮下TCR RFP序号5-10（20倍）.tif,sy2part123\sy1\肿瘤SK类皮下TCR RFP序号5-10（20倍）.tif,肿瘤SK类皮下TCR RFP序号5-10（20倍）.tif,.tif,sy2part123,肿瘤SK类皮下__TCR_RFP__序号5__20x,肿瘤SK类皮下,序号5,TCR_RFP,,20x,10,10,high,sy2_specimen_marker_sequence_dash_index_magnification,肿瘤SK类皮下,dataset_by_class\肿瘤SK类皮下__TCR_RFP__序号5__20x\肿瘤SK类皮下TCR RFP序号5-10（20倍）.tif,39.75,2026-03-24T01:27:36.000Z,
E:\data\sy2part123\sy1\肿瘤SK类皮下TCR RFP序号5-11（20倍）.tif,sy2part123\sy1\肿瘤SK类皮下TCR RFP序号5-11（20倍）.tif,肿瘤SK类皮下TCR RFP序号5-11（20倍）.tif,.tif,sy2part123,肿瘤SK类皮下__TCR_RFP__序号5__20x,肿瘤SK类皮下,序号5,TCR_RFP,,20x,11,11,high,sy2_specimen_marker_sequence_dash_index_magnification,肿瘤SK类皮下,dataset_by_class\肿瘤SK类皮下__TCR_RFP__序号5__20x\肿瘤SK类皮下TCR RFP序号5-11（20倍）.tif,37.4,2026-03-24T01:27:58.000Z,
E:\data\sy2part123\sy1\肿瘤SK类皮下TCR RFP序号5-12（20倍）.tif,sy2part123\sy1\肿瘤SK类皮下TCR RFP序号5-12（20倍）.tif,肿瘤SK类皮下TCR RFP序号5-12（20倍）.tif,.tif,sy2part123,肿瘤SK类皮下__TCR_RFP__序号5__20x,肿瘤SK类皮下,序号5,TCR_RFP,,20x,12,12,high,sy2_specimen_marker_sequence_dash_index_magnification,肿瘤SK类皮下,dataset_by_class\肿瘤SK类皮下__TCR_RFP__序号5__20x\肿瘤SK类皮下TCR RFP序号5-12（20倍）.tif,38.64,2026-03-24T01:28:22.000Z,
E:\data\sy2part123\sy1\肿瘤SK类皮下TCR RFP序号5-13（20倍）.tif,sy2part123\sy1\肿瘤SK类皮下TCR RFP序号5-13（20倍）.tif,肿瘤SK类皮下TCR RFP序号5-13（20倍）.tif,.tif,sy2part123,肿瘤SK类皮下__TCR_RFP__序号5__20x,肿瘤SK类皮下,序号5,TCR_RFP,,20x,13,13,high,sy2_specimen_marker_sequence_dash_index_magnification,肿瘤SK类皮下,dataset_by_class\肿瘤SK类皮下__TCR_RFP__序号5__20x\肿瘤SK类皮下TCR RFP序号5-13（20倍）.tif,39.74,2026-03-24T01:28:46.000Z,
E:\data\sy2part123\sy1\肿瘤SK类皮下TCR RFP序号5-14（20倍）.tif,sy2part123\sy1\肿瘤SK类皮下TCR RFP序号5-14（20倍）.tif,肿瘤SK类皮下TCR RFP序号5-14（20倍）.tif,.tif,sy2part123,肿瘤SK类皮下__TCR_RFP__序号5__20x,肿瘤SK类皮下,序号5,TCR_RFP,,20x,14,14,high,sy2_specimen_marker_sequence_dash_index_magnification,肿瘤SK类皮下,dataset_by_class\肿瘤SK类皮下__TCR_RFP__序号5__20x\肿瘤SK类皮下TCR RFP序号5-14（20倍）.tif,38.83,2026-03-24T01:29:14.000Z,
E:\data\sy2part123\sy1\肿瘤SK类皮下TCR RFP序号5-15（20倍）.tif,sy2part123\sy1\肿瘤SK类皮下TCR RFP序号5-15（20倍）.tif,肿瘤SK类皮下TCR RFP序号5-15（20倍）.tif,.tif,sy2part123,肿瘤SK类皮下__TCR_RFP__序号5__20x,肿瘤SK类皮下,序号5,TCR_RFP,,20x,15,15,high,sy2_specimen_marker_sequence_dash_index_magnification,肿瘤SK类皮下,dataset_by_class\肿瘤SK类皮下__TCR_RFP__序号5__20x\肿瘤SK类皮下TCR RFP序号5-15（20倍）.tif,37.99,2026-03-24T01:29:36.000Z,
E:\data\sy2part123\sy1\肿瘤SK类皮下TCR RFP序号5-2（20倍）.tif,sy2part123\sy1\肿瘤SK类皮下TCR RFP序号5-2（20倍）.tif,肿瘤SK类皮下TCR RFP序号5-2（20倍）.tif,.tif,sy2part123,肿瘤SK类皮下__TCR_RFP__序号5__20x,肿瘤SK类皮下,序号5,TCR_RFP,,20x,2,2,high,sy2_specimen_marker_sequence_dash_index_magnification,肿瘤SK类皮下,dataset_by_class\肿瘤SK类皮下__TCR_RFP__序号5__20x\肿瘤SK类皮下TCR RFP序号5-2（20倍）.tif,40.21,2026-03-24T01:24:18.000Z,
E:\data\sy2part123\sy1\肿瘤SK类皮下TCR RFP序号5-3（20倍）.tif,sy2part123\sy1\肿瘤SK类皮下TCR RFP序号5-3（20倍）.tif,肿瘤SK类皮下TCR RFP序号5-3（20倍）.tif,.tif,sy2part123,肿瘤SK类皮下__TCR_RFP__序号5__20x,肿瘤SK类皮下,序号5,TCR_RFP,,20x,3,3,high,sy2_specimen_marker_sequence_dash_index_magnification,肿瘤SK类皮下,dataset_by_class\肿瘤SK类皮下__TCR_RFP__序号5__20x\肿瘤SK类皮下TCR RFP序号5-3（20倍）.tif,38.09,2026-03-24T01:24:40.000Z,
E:\data\sy2part123\sy1\肿瘤SK类皮下TCR RFP序号5-4（20倍）.tif,sy2part123\sy1\肿瘤SK类皮下TCR RFP序号5-4（20倍）.tif,肿瘤SK类皮下TCR RFP序号5-4（20倍）.tif,.tif,sy2part123,肿瘤SK类皮下__TCR_RFP__序号5__20x,肿瘤SK类皮下,序号5,TCR_RFP,,20x,4,4,high,sy2_specimen_marker_sequence_dash_index_magnification,肿瘤SK类皮下,dataset_by_class\肿瘤SK类皮下__TCR_RFP__序号5__20x\肿瘤SK类皮下TCR RFP序号5-4（20倍）.tif,38.68,2026-03-24T01:25:02.000Z,
E:\data\sy2part123\sy1\肿瘤SK类皮下TCR RFP序号5-5（20倍）.tif,sy2part123\sy1\肿瘤SK类皮下TCR RFP序号5-5（20倍）.tif,肿瘤SK类皮下TCR RFP序号5-5（20倍）.tif,.tif,sy2part123,肿瘤SK类皮下__TCR_RFP__序号5__20x,肿瘤SK类皮下,序号5,TCR_RFP,,20x,5,5,high,sy2_specimen_marker_sequence_dash_index_magnification,肿瘤SK类皮下,dataset_by_class\肿瘤SK类皮下__TCR_RFP__序号5__20x\肿瘤SK类皮下TCR RFP序号5-5（20倍）.tif,37.21,2026-03-24T01:25:22.000Z,
E:\data\sy2part123\sy1\肿瘤SK类皮下TCR RFP序号5-6（20倍）.tif,sy2part123\sy1\肿瘤SK类皮下TCR RFP序号5-6（20倍）.tif,肿瘤SK类皮下TCR RFP序号5-6（20倍）.tif,.tif,sy2part123,肿瘤SK类皮下__TCR_RFP__序号5__20x,肿瘤SK类皮下,序号5,TCR_RFP,,20x,6,6,high,sy2_specimen_marker_sequence_dash_index_magnification,肿瘤SK类皮下,dataset_by_class\肿瘤SK类皮下__TCR_RFP__序号5__20x\肿瘤SK类皮下TCR RFP序号5-6（20倍）.tif,37.9,2026-03-24T01:25:50.000Z,
E:\data\sy2part123\sy1\肿瘤SK类皮下TCR RFP序号5-7（20倍）.tif,sy2part123\sy1\肿瘤SK类皮下TCR RFP序号5-7（20倍）.tif,肿瘤SK类皮下TCR RFP序号5-7（20倍）.tif,.tif,sy2part123,肿瘤SK类皮下__TCR_RFP__序号5__20x,肿瘤SK类皮下,序号5,TCR_RFP,,20x,7,7,high,sy2_specimen_marker_sequence_dash_index_magnification,肿瘤SK类皮下,dataset_by_class\肿瘤SK类皮下__TCR_RFP__序号5__20x\肿瘤SK类皮下TCR RFP序号5-7（20倍）.tif,39.69,2026-03-24T01:26:10.000Z,
E:\data\sy2part123\sy1\肿瘤SK类皮下TCR RFP序号5-8（20倍）.tif,sy2part123\sy1\肿瘤SK类皮下TCR RFP序号5-8（20倍）.tif,肿瘤SK类皮下TCR RFP序号5-8（20倍）.tif,.tif,sy2part123,肿瘤SK类皮下__TCR_RFP__序号5__20x,肿瘤SK类皮下,序号5,TCR_RFP,,20x,8,8,high,sy2_specimen_marker_sequence_dash_index_magnification,肿瘤SK类皮下,dataset_by_class\肿瘤SK类皮下__TCR_RFP__序号5__20x\肿瘤SK类皮下TCR RFP序号5-8（20倍）.tif,39.71,2026-03-24T01:26:38.000Z,
E:\data\sy2part123\sy1\肿瘤SK类皮下TCR RFP序号5-9（20倍）.tif,sy2part123\sy1\肿瘤SK类皮下TCR RFP序号5-9（20倍）.tif,肿瘤SK类皮下TCR RFP序号5-9（20倍）.tif,.tif,sy2part123,肿瘤SK类皮下__TCR_RFP__序号5__20x,肿瘤SK类皮下,序号5,TCR_RFP,,20x,9,9,high,sy2_specimen_marker_sequence_dash_index_magnification,肿瘤SK类皮下,dataset_by_class\肿瘤SK类皮下__TCR_RFP__序号5__20x\肿瘤SK类皮下TCR RFP序号5-9（20倍）.tif,38.63,2026-03-24T01:27:04.000Z,
E:\data\sy2part123\sy1\肿瘤SK类皮下TCRRFP序号5-1（20倍）.tif,sy2part123\sy1\肿瘤SK类皮下TCRRFP序号5-1（20倍）.tif,肿瘤SK类皮下TCRRFP序号5-1（20倍）.tif,.tif,sy2part123,肿瘤SK类皮下__TCR_RFP__序号5__20x,肿瘤SK类皮下,序号5,TCR_RFP,,20x,1,1,high,sy2_specimen_marker_sequence_dash_index_magnification,肿瘤SK类皮下,dataset_by_class\肿瘤SK类皮下__TCR_RFP__序号5__20x\肿瘤SK类皮下TCRRFP序号5-1（20倍）.tif,33.71,2026-03-24T13:11:52.000Z,
E:\data\sy2part123\sy1\肿瘤SK类皮下TCRRFP序号5-10（20倍）.tif,sy2part123\sy1\肿瘤SK类皮下TCRRFP序号5-10（20倍）.tif,肿瘤SK类皮下TCRRFP序号5-10（20倍）.tif,.tif,sy2part123,肿瘤SK类皮下__TCR_RFP__序号5__20x,肿瘤SK类皮下,序号5,TCR_RFP,,20x,10,10,high,sy2_specimen_marker_sequence_dash_index_magnification,肿瘤SK类皮下,dataset_by_class\肿瘤SK类皮下__TCR_RFP__序号5__20x\肿瘤SK类皮下TCRRFP序号5-10（20倍）.tif,37.04,2026-03-24T13:14:08.000Z,
E:\data\sy2part123\sy1\肿瘤SK类皮下TCRRFP序号5-11（20倍）.tif,sy2part123\sy1\肿瘤SK类皮下TCRRFP序号5-11（20倍）.tif,肿瘤SK类皮下TCRRFP序号5-11（20倍）.tif,.tif,sy2part123,肿瘤SK类皮下__TCR_RFP__序号5__20x,肿瘤SK类皮下,序号5,TCR_RFP,,20x,11,11,high,sy2_specimen_marker_sequence_dash_index_magnification,肿瘤SK类皮下,dataset_by_class\肿瘤SK类皮下__TCR_RFP__序号5__20x\肿瘤SK类皮下TCRRFP序号5-11（20倍）.tif,34.72,2026-03-24T13:14:28.000Z,
E:\data\sy2part123\sy1\肿瘤SK类皮下TCRRFP序号5-12（20倍）.tif,sy2part123\sy1\肿瘤SK类皮下TCRRFP序号5-12（20倍）.tif,肿瘤SK类皮下TCRRFP序号5-12（20倍）.tif,.tif,sy2part123,肿瘤SK类皮下__TCR_RFP__序号5__20x,肿瘤SK类皮下,序号5,TCR_RFP,,20x,12,12,high,sy2_specimen_marker_sequence_dash_index_magnification,肿瘤SK类皮下,dataset_by_class\肿瘤SK类皮下__TCR_RFP__序号5__20x\肿瘤SK类皮下TCRRFP序号5-12（20倍）.tif,33.52,2026-03-24T13:14:38.000Z,
E:\data\sy2part123\sy1\肿瘤SK类皮下TCRRFP序号5-13（20倍）.tif,sy2part123\sy1\肿瘤SK类皮下TCRRFP序号5-13（20倍）.tif,肿瘤SK类皮下TCRRFP序号5-13（20倍）.tif,.tif,sy2part123,肿瘤SK类皮下__TCR_RFP__序号5__20x,肿瘤SK类皮下,序号5,TCR_RFP,,20x,13,13,high,sy2_specimen_marker_sequence_dash_index_magnification,肿瘤SK类皮下,dataset_by_class\肿瘤SK类皮下__TCR_RFP__序号5__20x\肿瘤SK类皮下TCRRFP序号5-13（20倍）.tif,37.36,2026-03-24T13:14:52.000Z,
E:\data\sy2part123\sy1\肿瘤SK类皮下TCRRFP序号5-14（20倍）.tif,sy2part123\sy1\肿瘤SK类皮下TCRRFP序号5-14（20倍）.tif,肿瘤SK类皮下TCRRFP序号5-14（20倍）.tif,.tif,sy2part123,肿瘤SK类皮下__TCR_RFP__序号5__20x,肿瘤SK类皮下,序号5,TCR_RFP,,20x,14,14,high,sy2_specimen_marker_sequence_dash_index_magnification,肿瘤SK类皮下,dataset_by_class\肿瘤SK类皮下__TCR_RFP__序号5__20x\肿瘤SK类皮下TCRRFP序号5-14（20倍）.tif,37.36,2026-03-24T13:15:04.000Z,
E:\data\sy2part123\sy1\肿瘤SK类皮下TCRRFP序号5-15（20倍）.tif,sy2part123\sy1\肿瘤SK类皮下TCRRFP序号5-15（20倍）.tif,肿瘤SK类皮下TCRRFP序号5-15（20倍）.tif,.tif,sy2part123,肿瘤SK类皮下__TCR_RFP__序号5__20x,肿瘤SK类皮下,序号5,TCR_RFP,,20x,15,15,high,sy2_specimen_marker_sequence_dash_index_magnification,肿瘤SK类皮下,dataset_by_class\肿瘤SK类皮下__TCR_RFP__序号5__20x\肿瘤SK类皮下TCRRFP序号5-15（20倍）.tif,35.3,2026-03-24T13:15:14.000Z,
E:\data\sy2part123\sy1\肿瘤SK类皮下TCRRFP序号5-16（20倍）.tif,sy2part123\sy1\肿瘤SK类皮下TCRRFP序号5-16（20倍）.tif,肿瘤SK类皮下TCRRFP序号5-16（20倍）.tif,.tif,sy2part123,肿瘤SK类皮下__TCR_RFP__序号5__20x,肿瘤SK类皮下,序号5,TCR_RFP,,20x,16,16,high,sy2_specimen_marker_sequence_dash_index_magnification,肿瘤SK类皮下,dataset_by_class\肿瘤SK类皮下__TCR_RFP__序号5__20x\肿瘤SK类皮下TCRRFP序号5-16（20倍）.tif,35,2026-03-24T13:15:30.000Z,
E:\data\sy2part123\sy1\肿瘤SK类皮下TCRRFP序号5-17（20倍）.tif,sy2part123\sy1\肿瘤SK类皮下TCRRFP序号5-17（20倍）.tif,肿瘤SK类皮下TCRRFP序号5-17（20倍）.tif,.tif,sy2part123,肿瘤SK类皮下__TCR_RFP__序号5__20x,肿瘤SK类皮下,序号5,TCR_RFP,,20x,17,17,high,sy2_specimen_marker_sequence_dash_index_magnification,肿瘤SK类皮下,dataset_by_class\肿瘤SK类皮下__TCR_RFP__序号5__20x\肿瘤SK类皮下TCRRFP序号5-17（20倍）.tif,36.91,2026-03-24T13:15:44.000Z,
E:\data\sy2part123\sy1\肿瘤SK类皮下TCRRFP序号5-18（20倍）.tif,sy2part123\sy1\肿瘤SK类皮下TCRRFP序号5-18（20倍）.tif,肿瘤SK类皮下TCRRFP序号5-18（20倍）.tif,.tif,sy2part123,肿瘤SK类皮下__TCR_RFP__序号5__20x,肿瘤SK类皮下,序号5,TCR_RFP,,20x,18,18,high,sy2_specimen_marker_sequence_dash_index_magnification,肿瘤SK类皮下,dataset_by_class\肿瘤SK类皮下__TCR_RFP__序号5__20x\肿瘤SK类皮下TCRRFP序号5-18（20倍）.tif,37.77,2026-03-24T13:15:54.000Z,
E:\data\sy2part123\sy1\肿瘤SK类皮下TCRRFP序号5-19（20倍）.tif,sy2part123\sy1\肿瘤SK类皮下TCRRFP序号5-19（20倍）.tif,肿瘤SK类皮下TCRRFP序号5-19（20倍）.tif,.tif,sy2part123,肿瘤SK类皮下__TCR_RFP__序号5__20x,肿瘤SK类皮下,序号5,TCR_RFP,,20x,19,19,high,sy2_specimen_marker_sequence_dash_index_magnification,肿瘤SK类皮下,dataset_by_class\肿瘤SK类皮下__TCR_RFP__序号5__20x\肿瘤SK类皮下TCRRFP序号5-19（20倍）.tif,36.99,2026-03-24T13:16:08.000Z,
E:\data\sy2part123\sy1\肿瘤SK类皮下TCRRFP序号5-2（20倍）.tif,sy2part123\sy1\肿瘤SK类皮下TCRRFP序号5-2（20倍）.tif,肿瘤SK类皮下TCRRFP序号5-2（20倍）.tif,.tif,sy2part123,肿瘤SK类皮下__TCR_RFP__序号5__20x,肿瘤SK类皮下,序号5,TCR_RFP,,20x,2,2,high,sy2_specimen_marker_sequence_dash_index_magnification,肿瘤SK类皮下,dataset_by_class\肿瘤SK类皮下__TCR_RFP__序号5__20x\肿瘤SK类皮下TCRRFP序号5-2（20倍）.tif,35.28,2026-03-24T13:12:12.000Z,
E:\data\sy2part123\sy1\肿瘤SK类皮下TCRRFP序号5-20（20倍）.tif,sy2part123\sy1\肿瘤SK类皮下TCRRFP序号5-20（20倍）.tif,肿瘤SK类皮下TCRRFP序号5-20（20倍）.tif,.tif,sy2part123,肿瘤SK类皮下__TCR_RFP__序号5__20x,肿瘤SK类皮下,序号5,TCR_RFP,,20x,20,20,high,sy2_specimen_marker_sequence_dash_index_magnification,肿瘤SK类皮下,dataset_by_class\肿瘤SK类皮下__TCR_RFP__序号5__20x\肿瘤SK类皮下TCRRFP序号5-20（20倍）.tif,35.75,2026-03-24T13:16:22.000Z,
E:\data\sy2part123\sy1\肿瘤SK类皮下TCRRFP序号5-3（20倍）.tif,sy2part123\sy1\肿瘤SK类皮下TCRRFP序号5-3（20倍）.tif,肿瘤SK类皮下TCRRFP序号5-3（20倍）.tif,.tif,sy2part123,肿瘤SK类皮下__TCR_RFP__序号5__20x,肿瘤SK类皮下,序号5,TCR_RFP,,20x,3,3,high,sy2_specimen_marker_sequence_dash_index_magnification,肿瘤SK类皮下,dataset_by_class\肿瘤SK类皮下__TCR_RFP__序号5__20x\肿瘤SK类皮下TCRRFP序号5-3（20倍）.tif,38.07,2026-03-24T13:12:28.000Z,
E:\data\sy2part123\sy1\肿瘤SK类皮下TCRRFP序号5-4（20倍）.tif,sy2part123\sy1\肿瘤SK类皮下TCRRFP序号5-4（20倍）.tif,肿瘤SK类皮下TCRRFP序号5-4（20倍）.tif,.tif,sy2part123,肿瘤SK类皮下__TCR_RFP__序号5__20x,肿瘤SK类皮下,序号5,TCR_RFP,,20x,4,4,high,sy2_specimen_marker_sequence_dash_index_magnification,肿瘤SK类皮下,dataset_by_class\肿瘤SK类皮下__TCR_RFP__序号5__20x\肿瘤SK类皮下TCRRFP序号5-4（20倍）.tif,37.13,2026-03-24T13:12:42.000Z,
E:\data\sy2part123\sy1\肿瘤SK类皮下TCRRFP序号5-5（20倍）.tif,sy2part123\sy1\肿瘤SK类皮下TCRRFP序号5-5（20倍）.tif,肿瘤SK类皮下TCRRFP序号5-5（20倍）.tif,.tif,sy2part123,肿瘤SK类皮下__TCR_RFP__序号5__20x,肿瘤SK类皮下,序号5,TCR_RFP,,20x,5,5,high,sy2_specimen_marker_sequence_dash_index_magnification,肿瘤SK类皮下,dataset_by_class\肿瘤SK类皮下__TCR_RFP__序号5__20x\肿瘤SK类皮下TCRRFP序号5-5（20倍）.tif,37.57,2026-03-24T13:12:54.000Z,
E:\data\sy2part123\sy1\肿瘤SK类皮下TCRRFP序号5-6（20倍）.tif,sy2part123\sy1\肿瘤SK类皮下TCRRFP序号5-6（20倍）.tif,肿瘤SK类皮下TCRRFP序号5-6（20倍）.tif,.tif,sy2part123,肿瘤SK类皮下__TCR_RFP__序号5__20x,肿瘤SK类皮下,序号5,TCR_RFP,,20x,6,6,high,sy2_specimen_marker_sequence_dash_index_magnification,肿瘤SK类皮下,dataset_by_class\肿瘤SK类皮下__TCR_RFP__序号5__20x\肿瘤SK类皮下TCRRFP序号5-6（20倍）.tif,36.91,2026-03-24T13:13:10.000Z,
E:\data\sy2part123\sy1\肿瘤SK类皮下TCRRFP序号5-7（20倍）.tif,sy2part123\sy1\肿瘤SK类皮下TCRRFP序号5-7（20倍）.tif,肿瘤SK类皮下TCRRFP序号5-7（20倍）.tif,.tif,sy2part123,肿瘤SK类皮下__TCR_RFP__序号5__20x,肿瘤SK类皮下,序号5,TCR_RFP,,20x,7,7,high,sy2_specimen_marker_sequence_dash_index_magnification,肿瘤SK类皮下,dataset_by_class\肿瘤SK类皮下__TCR_RFP__序号5__20x\肿瘤SK类皮下TCRRFP序号5-7（20倍）.tif,35.42,2026-03-24T13:13:24.000Z,
E:\data\sy2part123\sy1\肿瘤SK类皮下TCRRFP序号5-8（20倍）.tif,sy2part123\sy1\肿瘤SK类皮下TCRRFP序号5-8（20倍）.tif,肿瘤SK类皮下TCRRFP序号5-8（20倍）.tif,.tif,sy2part123,肿瘤SK类皮下__TCR_RFP__序号5__20x,肿瘤SK类皮下,序号5,TCR_RFP,,20x,8,8,high,sy2_specimen_marker_sequence_dash_index_magnification,肿瘤SK类皮下,dataset_by_class\肿瘤SK类皮下__TCR_RFP__序号5__20x\肿瘤SK类皮下TCRRFP序号5-8（20倍）.tif,37.42,2026-03-24T13:13:38.000Z,
E:\data\sy2part123\sy1\肿瘤SK类皮下TCRRFP序号5-9（20倍）.tif,sy2part123\sy1\肿瘤SK类皮下TCRRFP序号5-9（20倍）.tif,肿瘤SK类皮下TCRRFP序号5-9（20倍）.tif,.tif,sy2part123,肿瘤SK类皮下__TCR_RFP__序号5__20x,肿瘤SK类皮下,序号5,TCR_RFP,,20x,9,9,high,sy2_specimen_marker_sequence_dash_index_magnification,肿瘤SK类皮下,dataset_by_class\肿瘤SK类皮下__TCR_RFP__序号5__20x\肿瘤SK类皮下TCRRFP序号5-9（20倍）.tif,37.39,2026-03-24T13:13:50.000Z,
